날짜,게임명,게임커버,유저 수
2025-11-27,ARC Raiders,https://gamedb-oz.s3.us-west-1.amazonaws.com/images/t_cover_big/4aa45356-820f-4e1e-9eec-842f379408c6.jpg,65
2025-11-27,Where Winds Meet,https://gamedb-oz.s3.us-west-1.amazonaws.com/images/t_cover_big/co546z.jpg,56
2025-11-27,Call of Duty: Black Ops 7,https://gamedb-oz.s3.us-west-1.amazonaws.com/images/t_cover_big/co9xwv.jpg,55
2025-11-27,Call of Duty: Black Ops 6,https://gamedb-oz.s3.us-west-1.amazonaws.com/images/t_cover_big/co8bku.jpg,44
2025-11-27,Battlefield 6,https://gamedb-oz.s3.us-west-1.amazonaws.com/images/t_cover_big/e7b84e9b-030a-4b49-ab61-9e89c3de3e19.jpg,39
2025-11-27,Cloverpit,https://gamedb-oz.s3.us-west-1.amazonaws.com/images/t_cover_big/co9mxl.jpg,38
2025-11-27,Ghost of Yotei,https://gamedb-oz.s3.us-west-1.amazonaws.com/images/t_cover_big/co8urc.jpg,36
2025-11-27,Clair Obscur: Expedition 33,https://gamedb-oz.s3.us-west-1.amazonaws.com/images/t_cover_big/co8bow.jpg,22
2025-11-27,Dispatch,https://gamedb-oz.s3.us-west-1.amazonaws.com/images/t_cover_big/co95gb.jpg,22
2025-11-27,Total Chaos,https://gamedb-oz.s3.us-west-1.amazonaws.com/images/t_cover_big/co94d4.jpg,22
2025-11-27,Borderlands 4,https://gamedb-oz.s3.us-west-1.amazonaws.com/images/t_cover_big/21208fb3-178a-4981-8342-096a8617cc0b.jpg,20
2025-11-27,Silent Hill 2,https://gamedb-oz.s3.us-west-1.amazonaws.com/images/t_cover_big/co5l7s.jpg,18
2025-11-27,Skate.,https://gamedb-oz.s3.us-west-1.amazonaws.com/images/t_cover_big/0675a41d-2e6b-4261-8d0a-6cf1a5affd14.jpg,17
2025-11-27,Thank Goodness You're Here!,https://gamedb-oz.s3.us-west-1.amazonaws.com/images/t_cover_big/co6yyq.jpg,17
2025-11-27,The Outer Worlds 2,https://gamedb-oz.s3.us-west-1.amazonaws.com/images/t_cover_big/991d75f3-a343-4ab9-8fa9-c708f7bd0112.jpg,14
2025-11-27,Cube Kabaam,https://gamedb-oz.s3.us-west-1.amazonaws.com/images/t_cover_big/coavgl.jpg,14
2025-11-27,The Crew: Motorfest,https://gamedb-oz.s3.us-west-1.amazonaws.com/images/t_cover_big/co62pr.jpg,13
2025-11-27,Minecraft,https://gamedb-oz.s3.us-west-1.amazonaws.com/images/t_cover_big/co8fu7.jpg,12
2025-11-27,Assassin's Creed Mirage,https://gamedb-oz.s3.us-west-1.amazonaws.com/images/t_cover_big/co57sj.jpg,12
2025-11-27,PowerWash Simulator 2,https://gamedb-oz.s3.us-west-1.amazonaws.com/images/t_cover_big/co9j41.jpg,12
2025-11-27,Micro Race R,https://gamedb-oz.s3.us-west-1.amazonaws.com/images/t_cover_big/7951ca36-ce33-460b-9bbd-2a6edf253960.jpg,12
2025-11-27,Pacific Drive,https://gamedb-oz.s3.us-west-1.amazonaws.com/images/t_cover_big/co7t2e.jpg,11
2025-11-27,Death Stranding 2: On The Beach,https://gamedb-oz.s3.us-west-1.amazonaws.com/images/t_cover_big/80312252-d5d9-4b93-bea7-58d653b66ff5.jpg,11
2025-11-27,Ball x Pit,https://gamedb-oz.s3.us-west-1.amazonaws.com/images/t_cover_big/co9xid.jpg,11
2025-11-27,Dead by Daylight,https://gamedb-oz.s3.us-west-1.amazonaws.com/images/t_cover_big/co5zky.jpg,11
2025-11-27,Digimon Story: Time Stranger,https://gamedb-oz.s3.us-west-1.amazonaws.com/images/t_cover_big/co9e1a.jpg,11
2025-11-27,Ready or Not,https://gamedb-oz.s3.us-west-1.amazonaws.com/images/t_cover_big/co2m9w.jpg,10
2025-11-27,Grand Theft Auto V,https://gamedb-oz.s3.us-west-1.amazonaws.com/images/t_cover_big/co2lbd.jpg,10
2025-11-27,Stray,https://gamedb-oz.s3.us-west-1.amazonaws.com/images/t_cover_big/co4tt2.jpg,9
2025-11-27,Gears of War: Reloaded,https://gamedb-oz.s3.us-west-1.amazonaws.com/images/t_cover_big/co9rr2.jpg,9
2025-11-27,Sonic Racing: CrossWorlds,https://gamedb-oz.s3.us-west-1.amazonaws.com/images/t_cover_big/baa1081e-74ac-4c17-a6b6-97ff62c5b007.jpg,9
2025-11-27,Animal Battle Arena,https://gamedb-oz.s3.us-west-1.amazonaws.com/images/t_cover_big/co8s3e.jpg,8
2025-11-27,Risk of Rain 2,https://gamedb-oz.s3.us-west-1.amazonaws.com/images/t_cover_big/co2eu7.jpg,8
2025-11-27,Vampire Survivors,https://gamedb-oz.s3.us-west-1.amazonaws.com/images/t_cover_big/co4bzv.jpg,8
2025-11-27,Still Wakes the Deep,https://gamedb-oz.s3.us-west-1.amazonaws.com/images/t_cover_big/co6lz1.jpg,8
2025-11-27,EA Sports FC 26,https://gamedb-oz.s3.us-west-1.amazonaws.com/images/t_cover_big/c4c23697-ceac-47b1-abc1-eb2bf30c7a90.jpg,8
2025-11-27,Ninja Gaiden 4,https://gamedb-oz.s3.us-west-1.amazonaws.com/images/t_cover_big/ad7f06a9-1f6a-47e0-ab6d-ed51f143fa35.jpg,8
2025-11-27,S.T.A.L.K.E.R. 2: Heart of Chornobyl,https://gamedb-oz.s3.us-west-1.amazonaws.com/images/t_cover_big/co5pxn.jpg,8
2025-11-27,Sewer Quest,https://gamedb-oz.s3.us-west-1.amazonaws.com/images/t_cover_big/coasd2.jpg,8
2025-11-27,Trigger Path,https://gamedb-oz.s3.us-west-1.amazonaws.com/images/t_cover_big/coavhu.jpg,8
2025-11-27,Marvel Rivals,https://gamedb-oz.s3.us-west-1.amazonaws.com/images/t_cover_big/4ff2fbcf-6419-47f1-85f7-1f2b6791adac.jpg,8
2025-11-27,Anthem,https://gamedb-oz.s3.us-west-1.amazonaws.com/images/t_cover_big/co2n94.jpg,7
2025-11-27,Final Fantasy Tactics: The Ivalice Chronicles,https://gamedb-oz.s3.us-west-1.amazonaws.com/images/t_cover_big/co9wvq.jpg,7
2025-11-27,SpongeBob SquarePants: Titans of the Tide,https://gamedb-oz.s3.us-west-1.amazonaws.com/images/t_cover_big/coa7p0.jpg,7
2025-11-27,One Piece: Pirate Warriors 4,https://gamedb-oz.s3.us-west-1.amazonaws.com/images/t_cover_big/co2m9q.jpg,7
2025-11-27,Roblox,https://gamedb-oz.s3.us-west-1.amazonaws.com/images/t_cover_big/bb9aa615-49e9-4a1e-9662-21002c2fe34a.jpg,7
2025-11-27,Final Fantasy XVI,https://gamedb-oz.s3.us-west-1.amazonaws.com/images/t_cover_big/64682143-8f2a-442a-9db4-15ae2b8f7d27.jpg,7
2025-11-27,WWE 2K25,https://gamedb-oz.s3.us-west-1.amazonaws.com/images/t_cover_big/co9c1v.jpg,6
2025-11-27,Visions of Mana,https://gamedb-oz.s3.us-west-1.amazonaws.com/images/t_cover_big/co7h7r.jpg,6
2025-11-27,Overwatch 2,https://gamedb-oz.s3.us-west-1.amazonaws.com/images/t_cover_big/co1sgx.jpg,6
2025-11-27,Astro Bot,https://gamedb-oz.s3.us-west-1.amazonaws.com/images/t_cover_big/d6aa74ab-8fb2-4346-99b7-5dbbdde96a36.jpg,6
2025-11-27,Assassin's Creed Shadows,https://gamedb-oz.s3.us-west-1.amazonaws.com/images/t_cover_big/co87cu.jpg,6
2025-11-27,Silent Hill f,https://gamedb-oz.s3.us-west-1.amazonaws.com/images/t_cover_big/co9j54.jpg,6
2025-11-27,Marvel's Spider-Man Remastered,https://gamedb-oz.s3.us-west-1.amazonaws.com/images/t_cover_big/co2ta5.jpg,6
2025-11-27,Lamplighter,https://gamedb-oz.s3.us-west-1.amazonaws.com/images/t_cover_big/coavn0.jpg,6
2025-11-27,Halls of Torment,https://gamedb-oz.s3.us-west-1.amazonaws.com/images/t_cover_big/co65yp.jpg,6
2025-11-27,Rocket League,https://gamedb-oz.s3.us-west-1.amazonaws.com/images/t_cover_big/co5w0w.jpg,6
2025-11-27,Stellar Blade,https://gamedb-oz.s3.us-west-1.amazonaws.com/images/t_cover_big/840d1446-da90-43dc-a630-5f03e7ead564.jpg,6
2025-11-27,Winter Burrow,https://gamedb-oz.s3.us-west-1.amazonaws.com/images/t_cover_big/co8bp6.jpg,6
2025-11-27,Kill it with Fire 2,https://gamedb-oz.s3.us-west-1.amazonaws.com/images/t_cover_big/co6m17.jpg,6
2025-11-27,Sonic Frontiers,https://gamedb-oz.s3.us-west-1.amazonaws.com/images/t_cover_big/ae99d67c-2e00-4d98-990c-fd3c51a1b5a6.jpg,5
2025-11-27,As Dusk Falls,https://gamedb-oz.s3.us-west-1.amazonaws.com/images/t_cover_big/co4v2t.jpg,5
2025-11-27,Forza Horizon 5,https://gamedb-oz.s3.us-west-1.amazonaws.com/images/t_cover_big/co3ofx.jpg,5
2025-11-27,The Last of Us Part I,https://gamedb-oz.s3.us-west-1.amazonaws.com/images/t_cover_big/co5xex.jpg,5
2025-11-27,"Warhammer 40,000: Space Marine II",https://gamedb-oz.s3.us-west-1.amazonaws.com/images/t_cover_big/co5vab.jpg,5
2025-11-27,Mafia: The Old Country,https://gamedb-oz.s3.us-west-1.amazonaws.com/images/t_cover_big/3a33ef28-a1aa-445a-8851-45a383de01f9.jpg,5
2025-11-27,The Finals,https://gamedb-oz.s3.us-west-1.amazonaws.com/images/t_cover_big/co7as5.jpg,5
2025-11-27,Assassin's Creed Odyssey,https://gamedb-oz.s3.us-west-1.amazonaws.com/images/t_cover_big/co2nul.jpg,5
2025-11-27,Hogwarts Legacy,https://gamedb-oz.s3.us-west-1.amazonaws.com/images/t_cover_big/co2gn3.jpg,5
2025-11-27,God of War Ragnarök,https://gamedb-oz.s3.us-west-1.amazonaws.com/images/t_cover_big/co5s5v.jpg,5
2025-11-27,Ghost of Tsushima: Iki Island,https://gamedb-oz.s3.us-west-1.amazonaws.com/images/t_cover_big/co3gl4.jpg,5
2025-11-27,Mortal Kombat: Legacy Kollection,https://gamedb-oz.s3.us-west-1.amazonaws.com/images/t_cover_big/ab2f9e64-b2e9-4959-9831-eaab5574e809.jpg,5
2025-11-27,Until Dawn,https://gamedb-oz.s3.us-west-1.amazonaws.com/images/t_cover_big/co7p73.jpg,5
2025-11-27,Lumines Arise,https://gamedb-oz.s3.us-west-1.amazonaws.com/images/t_cover_big/co9wve.jpg,5
2025-11-27,Slalom,https://gamedb-oz.s3.us-west-1.amazonaws.com/images/t_cover_big/e077271c-ab4f-4b1e-b5f2-ca7a3295e4a2.jpg,5
2025-11-27,Zenless Zone Zero,https://gamedb-oz.s3.us-west-1.amazonaws.com/images/t_cover_big/48270755-0e5e-488b-b2b4-7b3dd297fbe1.jpg,5
2025-11-27,Insurgency: Sandstorm,https://gamedb-oz.s3.us-west-1.amazonaws.com/images/t_cover_big/ctb8vglbekapcmjpjv7z.jpg,5
2025-11-27,Monster Jam Showdown,https://gamedb-oz.s3.us-west-1.amazonaws.com/images/t_cover_big/co7uo7.jpg,5
2025-11-27,Moonlighter 2: The Endless Vault,https://gamedb-oz.s3.us-west-1.amazonaws.com/images/t_cover_big/co94bw.jpg,5
2025-11-27,Totally Accurate Battle Simulator,https://gamedb-oz.s3.us-west-1.amazonaws.com/images/t_cover_big/co1veb.jpg,4
2025-11-27,Cyberpunk 2077,https://gamedb-oz.s3.us-west-1.amazonaws.com/images/t_cover_big/co7497.jpg,4
2025-11-27,MLB The Show 25,https://gamedb-oz.s3.us-west-1.amazonaws.com/images/t_cover_big/co9c8d.jpg,4
2025-11-27,Rayman Legends,https://gamedb-oz.s3.us-west-1.amazonaws.com/images/t_cover_big/co3ma8.jpg,4
2025-11-27,Teenage Mutant Ninja Turtles: Shredder's Revenge,https://gamedb-oz.s3.us-west-1.amazonaws.com/images/t_cover_big/co2utm.jpg,4
2025-11-27,Call of Duty: Black Ops Cold War,https://gamedb-oz.s3.us-west-1.amazonaws.com/images/t_cover_big/co2n6j.jpg,4
2025-11-27,LEGO Horizon Adventures,https://gamedb-oz.s3.us-west-1.amazonaws.com/images/t_cover_big/co8bhu.jpg,4
2025-11-27,Minecraft Dungeons,https://gamedb-oz.s3.us-west-1.amazonaws.com/images/t_cover_big/co233r.jpg,4
2025-11-27,Crash Bandicoot 4: It's About Time,https://gamedb-oz.s3.us-west-1.amazonaws.com/images/t_cover_big/co2hp4.jpg,4
2025-11-27,The Elder Scrolls V: Skyrim - Anniversary Edition,https://gamedb-oz.s3.us-west-1.amazonaws.com/images/t_cover_big/co3lyu.jpg,4
2025-11-27,Fallout 76,https://gamedb-oz.s3.us-west-1.amazonaws.com/images/t_cover_big/co1yc4.jpg,4
2025-11-27,Marvel's Spider-Man 2,https://gamedb-oz.s3.us-west-1.amazonaws.com/images/t_cover_big/co6m8d.jpg,4
2025-11-27,Elden Ring,https://gamedb-oz.s3.us-west-1.amazonaws.com/images/t_cover_big/co4jni.jpg,4
2025-11-27,Dragon Ball Gekishin Squadra,https://gamedb-oz.s3.us-west-1.amazonaws.com/images/t_cover_big/co8pg9.jpg,4
2025-11-27,Unicorn Overlord,https://gamedb-oz.s3.us-west-1.amazonaws.com/images/t_cover_big/co7310.jpg,4
2025-11-27,Grand Theft Auto III: The Definitive Edition,https://gamedb-oz.s3.us-west-1.amazonaws.com/images/t_cover_big/co42p9.jpg,4
2025-11-27,Valorant,https://gamedb-oz.s3.us-west-1.amazonaws.com/images/t_cover_big/co2mvt.jpg,4
2025-11-27,Many Turns One Road,https://gamedb-oz.s3.us-west-1.amazonaws.com/images/t_cover_big/coamj6.jpg,4
2025-11-27,Croc: Legend of the Gobbos,https://gamedb-oz.s3.us-west-1.amazonaws.com/images/t_cover_big/co8qsi.jpg,4
2025-11-27,The Elder Scrolls Online,https://gamedb-oz.s3.us-west-1.amazonaws.com/images/t_cover_big/co1ybf.jpg,4
2025-11-27,Wreckreation,https://gamedb-oz.s3.us-west-1.amazonaws.com/images/t_cover_big/co52tg.jpg,4
2025-11-27,Tales of Xillia Remastered,https://gamedb-oz.s3.us-west-1.amazonaws.com/images/t_cover_big/coac96.jpg,4
2025-11-27,Dungeon Minesweeper,https://gamedb-oz.s3.us-west-1.amazonaws.com/images/t_cover_big/co84cd.jpg,4
2025-11-27,PUBG: Battlegrounds,https://gamedb-oz.s3.us-west-1.amazonaws.com/images/t_cover_big/co7j43.jpg,4
2025-11-27,Goat Simulator 3,https://gamedb-oz.s3.us-west-1.amazonaws.com/images/t_cover_big/co4uks.jpg,4
2025-11-27,Terrifier: The ARTcade Game,https://gamedb-oz.s3.us-west-1.amazonaws.com/images/t_cover_big/co8xud.jpg,4
2025-11-27,Project Motor Racing,https://gamedb-oz.s3.us-west-1.amazonaws.com/images/t_cover_big/5f7eaa4b-9d22-4583-b200-706a8e7c181d.jpg,4
2025-11-27,World is Lava,,4
2025-11-27,Pad Quad,https://gamedb-oz.s3.us-west-1.amazonaws.com/images/t_cover_big/coatbz.jpg,4
2025-11-27,Tetrack,https://gamedb-oz.s3.us-west-1.amazonaws.com/images/t_cover_big/co8eg4.jpg,4
2025-11-27,Fallout 4,https://gamedb-oz.s3.us-west-1.amazonaws.com/images/t_cover_big/co1yc6.jpg,4
2025-11-27,Sackboy: A Big Adventure,https://gamedb-oz.s3.us-west-1.amazonaws.com/images/t_cover_big/co4522.jpg,4
2025-11-27,The Witcher 3: Wild Hunt,https://gamedb-oz.s3.us-west-1.amazonaws.com/images/t_cover_big/co1wyy.jpg,4
2025-11-27,Keeper,https://gamedb-oz.s3.us-west-1.amazonaws.com/images/t_cover_big/co9xwp.jpg,4
2025-11-27,Marvel's Spider-Man: Miles Morales,https://gamedb-oz.s3.us-west-1.amazonaws.com/images/t_cover_big/co2dwe.jpg,3
2025-11-27,Astro's Playroom,https://gamedb-oz.s3.us-west-1.amazonaws.com/images/t_cover_big/co2gw7.jpg,3
2025-11-27,Ninja Gaiden II Black,https://gamedb-oz.s3.us-west-1.amazonaws.com/images/t_cover_big/e34d38d4-bf00-46fa-bada-07fc4ca1f0d6.jpg,3
2025-11-27,Hitman 3,https://gamedb-oz.s3.us-west-1.amazonaws.com/images/t_cover_big/co29lt.jpg,3
2025-11-27,Another Crab's Treasure,https://gamedb-oz.s3.us-west-1.amazonaws.com/images/t_cover_big/co6mrs.jpg,3
2025-11-27,Tom Clancy's The Division,https://gamedb-oz.s3.us-west-1.amazonaws.com/images/t_cover_big/co1yvf.jpg,3
2025-11-27,Fatal Fury: City of the Wolves,https://gamedb-oz.s3.us-west-1.amazonaws.com/images/t_cover_big/co6wc1.jpg,3
2025-11-27,Hollow Knight,https://gamedb-oz.s3.us-west-1.amazonaws.com/images/t_cover_big/co1rgi.jpg,3
2025-11-27,Elden Ring: Nightreign,https://gamedb-oz.s3.us-west-1.amazonaws.com/images/t_cover_big/co95gk.jpg,3
2025-11-27,Ariko's Enchanted Forest,https://gamedb-oz.s3.us-west-1.amazonaws.com/images/t_cover_big/358d47da-2ada-4543-be12-8bd7f563328d.jpg,3
2025-11-27,Onimusha: Warlords,https://gamedb-oz.s3.us-west-1.amazonaws.com/images/t_cover_big/co4r13.jpg,3
2025-11-27,Prince of Persia: The Lost Crown,https://gamedb-oz.s3.us-west-1.amazonaws.com/images/t_cover_big/co6lli.jpg,3
2025-11-27,Balatro,https://gamedb-oz.s3.us-west-1.amazonaws.com/images/t_cover_big/co752b.jpg,3
2025-11-27,Doom: The Dark Ages,https://gamedb-oz.s3.us-west-1.amazonaws.com/images/t_cover_big/co8boq.jpg,3
2025-11-27,Banishers: Ghosts of New Eden,https://gamedb-oz.s3.us-west-1.amazonaws.com/images/t_cover_big/co5vaq.jpg,3
2025-11-27,Final Fantasy VII Remake: Episode Intermission,https://gamedb-oz.s3.us-west-1.amazonaws.com/images/t_cover_big/co2tyy.jpg,3
2025-11-27,Star Wars Jedi: Fallen Order,https://gamedb-oz.s3.us-west-1.amazonaws.com/images/t_cover_big/co1rbi.jpg,3
2025-11-27,Code Vein,https://gamedb-oz.s3.us-west-1.amazonaws.com/images/t_cover_big/co1r69.jpg,3
2025-11-27,Assassin's Creed Valhalla,https://gamedb-oz.s3.us-west-1.amazonaws.com/images/t_cover_big/co2ed3.jpg,3
2025-11-27,The Last of Us Part II Remastered,https://gamedb-oz.s3.us-west-1.amazonaws.com/images/t_cover_big/co7dw9.jpg,3
2025-11-27,For Honor,https://gamedb-oz.s3.us-west-1.amazonaws.com/images/t_cover_big/co1rb8.jpg,3
2025-11-27,Indiana Jones and the Great Circle,https://gamedb-oz.s3.us-west-1.amazonaws.com/images/t_cover_big/co7nbc.jpg,3
2025-11-27,Deadzone: Rogue,https://gamedb-oz.s3.us-west-1.amazonaws.com/images/t_cover_big/co8wuv.jpg,3
2025-11-27,Returnal,https://gamedb-oz.s3.us-west-1.amazonaws.com/images/t_cover_big/co3wc1.jpg,3
2025-11-27,Star Wars Outlaws,https://gamedb-oz.s3.us-west-1.amazonaws.com/images/t_cover_big/co6lz8.jpg,3
2025-11-27,Genshin Impact,https://gamedb-oz.s3.us-west-1.amazonaws.com/images/t_cover_big/co480t.jpg,3
2025-11-27,Resident Evil 5,https://gamedb-oz.s3.us-west-1.amazonaws.com/images/t_cover_big/co2vzi.jpg,3
2025-11-27,Trails in the Sky 1st Chapter: Steelbook Edition,https://gamedb-oz.s3.us-west-1.amazonaws.com/images/t_cover_big/coa1fr.jpg,3
2025-11-27,The Outer Worlds: Spacer's Choice Edition,https://gamedb-oz.s3.us-west-1.amazonaws.com/images/t_cover_big/co68wu.jpg,3
2025-11-27,LEGO Party!,https://gamedb-oz.s3.us-west-1.amazonaws.com/images/t_cover_big/co9xh9.jpg,3
2025-11-27,Tom Clancy's Ghost Recon: Wildlands,https://gamedb-oz.s3.us-west-1.amazonaws.com/images/t_cover_big/co1ku7.jpg,3
2025-11-27,PowerWash Simulator,https://gamedb-oz.s3.us-west-1.amazonaws.com/images/t_cover_big/co7gek.jpg,3
2025-11-27,Phasmophobia,https://gamedb-oz.s3.us-west-1.amazonaws.com/images/t_cover_big/co2hby.jpg,3
2025-11-27,Horizon Zero Dawn Remastered,https://gamedb-oz.s3.us-west-1.amazonaws.com/images/t_cover_big/co8urg.jpg,3
2025-11-27,Neon Inferno,https://gamedb-oz.s3.us-west-1.amazonaws.com/images/t_cover_big/co92ag.jpg,3
2025-11-27,Tomb Raider: Anniversary,https://gamedb-oz.s3.us-west-1.amazonaws.com/images/t_cover_big/co1vo9.jpg,3
2025-11-27,Fantasian Neo Dimension,https://gamedb-oz.s3.us-west-1.amazonaws.com/images/t_cover_big/co8d8s.jpg,3
2025-11-27,Viewfinder,https://gamedb-oz.s3.us-west-1.amazonaws.com/images/t_cover_big/co6m9m.jpg,3
2025-11-27,Alan Wake II,https://gamedb-oz.s3.us-west-1.amazonaws.com/images/t_cover_big/co6jar.jpg,3
2025-11-27,Assassin's Creed Unity,https://gamedb-oz.s3.us-west-1.amazonaws.com/images/t_cover_big/co1xiq.jpg,3
2025-11-27,Fortnite,https://gamedb-oz.s3.us-west-1.amazonaws.com/images/t_cover_big/co2ekt.jpg,3
2025-11-27,Call of Duty: Black Ops II,https://gamedb-oz.s3.us-west-1.amazonaws.com/images/t_cover_big/co1wkv.jpg,3
2025-11-27,Halo: The Master Chief Collection,https://gamedb-oz.s3.us-west-1.amazonaws.com/images/t_cover_big/co1t95.jpg,3
2025-11-27,Grand Theft Auto IV,https://gamedb-oz.s3.us-west-1.amazonaws.com/images/t_cover_big/co2lbv.jpg,3
2025-11-27,The Elder Scrolls V: Skyrim - Special Edition,https://gamedb-oz.s3.us-west-1.amazonaws.com/images/t_cover_big/co1vco.jpg,3
2025-11-27,Dead by Daylight: Special Edition,https://gamedb-oz.s3.us-west-1.amazonaws.com/images/t_cover_big/co1y8r.jpg,3
2025-11-27,Football Manager 26 Console,https://gamedb-oz.s3.us-west-1.amazonaws.com/images/t_cover_big/coah13.jpg,3
2025-11-27,Mortal Kombat 11,https://gamedb-oz.s3.us-west-1.amazonaws.com/images/t_cover_big/co20mh.jpg,2
2025-11-27,Tales of Vesperia: Definitive Edition,https://gamedb-oz.s3.us-west-1.amazonaws.com/images/t_cover_big/8d860d55-8440-4299-984c-25e96fc73fa1.jpg,2
2025-11-27,Hunt: Showdown 1896,https://gamedb-oz.s3.us-west-1.amazonaws.com/images/t_cover_big/co1pr1.jpg,2
2025-11-27,Persona 3 Portable,https://gamedb-oz.s3.us-west-1.amazonaws.com/images/t_cover_big/co1n1z.jpg,2
2025-11-27,Coffee Talk: Episode 2 - Hibiscus & Butterfly,https://gamedb-oz.s3.us-west-1.amazonaws.com/images/t_cover_big/co4p7r.jpg,2
2025-11-27,Dragon Quest XI: Echoes of an Elusive Age - Edition of Light,https://gamedb-oz.s3.us-west-1.amazonaws.com/images/t_cover_big/co2v6g.jpg,2
2025-11-27,Sayonara Wild Hearts,https://gamedb-oz.s3.us-west-1.amazonaws.com/images/t_cover_big/co2gx1.jpg,2
2025-11-27,Freddy Spaghetti 2,https://gamedb-oz.s3.us-west-1.amazonaws.com/images/t_cover_big/co3g8m.jpg,2
2025-11-27,Capcom Fighting Collection 2,https://gamedb-oz.s3.us-west-1.amazonaws.com/images/t_cover_big/co8qmx.jpg,2
2025-11-27,Klonoa Phantasy Reverie Series,https://gamedb-oz.s3.us-west-1.amazonaws.com/images/t_cover_big/co4hbp.jpg,2
2025-11-27,Squirrel with a Gun,https://gamedb-oz.s3.us-west-1.amazonaws.com/images/t_cover_big/co70e0.jpg,2
2025-11-27,Death Stranding: Director's Cut,https://gamedb-oz.s3.us-west-1.amazonaws.com/images/t_cover_big/co3dlb.jpg,2
2025-11-27,Celeste,https://gamedb-oz.s3.us-west-1.amazonaws.com/images/t_cover_big/co3byy.jpg,2
2025-11-27,Lies of P,https://gamedb-oz.s3.us-west-1.amazonaws.com/images/t_cover_big/co6lxr.jpg,2
2025-11-27,Farm Together 2,https://gamedb-oz.s3.us-west-1.amazonaws.com/images/t_cover_big/co86au.jpg,2
2025-11-27,Fantasy Life i: The Girl Who Steals Time,https://gamedb-oz.s3.us-west-1.amazonaws.com/images/t_cover_big/co66qi.jpg,2
2025-11-27,RoadCraft,https://gamedb-oz.s3.us-west-1.amazonaws.com/images/t_cover_big/co8pf4.jpg,2
2025-11-27,Resident Evil: Revelations 2,https://gamedb-oz.s3.us-west-1.amazonaws.com/images/t_cover_big/co2fof.jpg,2
2025-11-27,Tales of Berseria,https://gamedb-oz.s3.us-west-1.amazonaws.com/images/t_cover_big/co1rk1.jpg,2
2025-11-27,Ratchet & Clank,https://gamedb-oz.s3.us-west-1.amazonaws.com/images/t_cover_big/co230k.jpg,2
2025-11-27,Among Us,https://gamedb-oz.s3.us-west-1.amazonaws.com/images/t_cover_big/co6kqt.jpg,2
2025-11-27,UFO Builder,https://gamedb-oz.s3.us-west-1.amazonaws.com/images/t_cover_big/co9psi.jpg,2
2025-11-27,Disney Dreamlight Valley,https://gamedb-oz.s3.us-west-1.amazonaws.com/images/t_cover_big/co4p0c.jpg,2
2025-11-27,Sea of Stars,https://gamedb-oz.s3.us-west-1.amazonaws.com/images/t_cover_big/co215b.jpg,2
2025-11-27,Uncharted: The Lost Legacy,https://gamedb-oz.s3.us-west-1.amazonaws.com/images/t_cover_big/co1tp9.jpg,2
2025-11-27,Horizon Call of the Mountain,https://gamedb-oz.s3.us-west-1.amazonaws.com/images/t_cover_big/co4ti4.jpg,2
2025-11-27,Terraria,https://gamedb-oz.s3.us-west-1.amazonaws.com/images/t_cover_big/co1rbo.jpg,2
2025-11-27,Dragon Quest III HD-2D Remake,https://gamedb-oz.s3.us-west-1.amazonaws.com/images/t_cover_big/a70289d3-add0-40d7-abf9-1b3b6fbc2948.jpg,2
2025-11-27,Bleach: Brave Souls,https://gamedb-oz.s3.us-west-1.amazonaws.com/images/t_cover_big/co25gj.jpg,2
2025-11-27,FBC: Firebreak,https://gamedb-oz.s3.us-west-1.amazonaws.com/images/t_cover_big/72347192-2b98-4d3e-93b6-4ad44b2948c1.jpg,2
2025-11-27,Granblue Fantasy Versus: Rising,https://gamedb-oz.s3.us-west-1.amazonaws.com/images/t_cover_big/co6wn2.jpg,2
2025-11-27,Call of Duty: Modern Warfare,https://gamedb-oz.s3.us-west-1.amazonaws.com/images/t_cover_big/co1rsg.jpg,2
2025-11-27,Ace Attorney Investigations Collection,https://gamedb-oz.s3.us-west-1.amazonaws.com/images/t_cover_big/co8d8h.jpg,2
2025-11-27,CarX Street,https://gamedb-oz.s3.us-west-1.amazonaws.com/images/t_cover_big/co5vl9.jpg,2
2025-11-27,Tom Clancy's Rainbow Six Siege X,https://gamedb-oz.s3.us-west-1.amazonaws.com/images/t_cover_big/co5cxf.jpg,2
2025-11-27,Deadpool,https://gamedb-oz.s3.us-west-1.amazonaws.com/images/t_cover_big/co2pvg.jpg,2
2025-11-27,Batman: Return to Arkham - Arkham Asylum,https://gamedb-oz.s3.us-west-1.amazonaws.com/images/t_cover_big/co4tl2.jpg,2
2025-11-27,Assassin's Creed Syndicate,https://gamedb-oz.s3.us-west-1.amazonaws.com/images/t_cover_big/co1xis.jpg,2
2025-11-27,Hades,https://gamedb-oz.s3.us-west-1.amazonaws.com/images/t_cover_big/co39vc.jpg,2
2025-11-27,LEGO Star Wars: The Skywalker Saga,https://gamedb-oz.s3.us-west-1.amazonaws.com/images/t_cover_big/co28yb.jpg,2
2025-11-27,Atelier Sophie: The Alchemist of the Mysterious Book,https://gamedb-oz.s3.us-west-1.amazonaws.com/images/t_cover_big/co4aj8.jpg,2
2025-11-27,Delta Force,https://gamedb-oz.s3.us-west-1.amazonaws.com/images/t_cover_big/d82156a5-afb3-48c9-8a4d-35f3746ba717.jpg,2
2025-11-27,Sword of the Sea,https://gamedb-oz.s3.us-west-1.amazonaws.com/images/t_cover_big/co6jbx.jpg,2
2025-11-27,It Takes Two,https://gamedb-oz.s3.us-west-1.amazonaws.com/images/t_cover_big/co2t97.jpg,2
2025-11-27,Warframe,https://gamedb-oz.s3.us-west-1.amazonaws.com/images/t_cover_big/co1nhi.jpg,2
2025-11-27,Control,https://gamedb-oz.s3.us-west-1.amazonaws.com/images/t_cover_big/co2evj.jpg,2
2025-11-27,Dead Island 2,https://gamedb-oz.s3.us-west-1.amazonaws.com/images/t_cover_big/co5469.jpg,2
2025-11-27,Baldur's Gate III,https://gamedb-oz.s3.us-west-1.amazonaws.com/images/t_cover_big/co670h.jpg,2
2025-11-27,7 Days to Die,https://gamedb-oz.s3.us-west-1.amazonaws.com/images/t_cover_big/co49r0.jpg,2
2025-11-27,Uncharted 3: Drake's Deception Remastered,https://gamedb-oz.s3.us-west-1.amazonaws.com/images/t_cover_big/co1tpr.jpg,2
2025-11-27,Hollow Knight: Silksong,https://gamedb-oz.s3.us-west-1.amazonaws.com/images/t_cover_big/co3vtl.jpg,2
2025-11-27,Castlevania Requiem: Symphony of the Night & Rondo of Blood,https://gamedb-oz.s3.us-west-1.amazonaws.com/images/t_cover_big/co49m1.jpg,2
2025-11-27,LEGO Marvel Super Heroes 2,https://gamedb-oz.s3.us-west-1.amazonaws.com/images/t_cover_big/co27zd.jpg,2
2025-11-27,Resident Evil,https://gamedb-oz.s3.us-west-1.amazonaws.com/images/t_cover_big/co20bp.jpg,2
2025-11-27,Lost Soul Aside,https://gamedb-oz.s3.us-west-1.amazonaws.com/images/t_cover_big/co1jol.jpg,2
2025-11-27,Persona 3 Reload,https://gamedb-oz.s3.us-west-1.amazonaws.com/images/t_cover_big/co6z12.jpg,2
2025-11-27,Cocoon,https://gamedb-oz.s3.us-west-1.amazonaws.com/images/t_cover_big/co4v2z.jpg,2
2025-11-27,Marvel vs. Capcom Fighting Collection: Arcade Classics,https://gamedb-oz.s3.us-west-1.amazonaws.com/images/t_cover_big/627a87f9-dfda-49f6-9d2b-abbfde193c6f.jpg,2
2025-11-27,Baby Steps,https://gamedb-oz.s3.us-west-1.amazonaws.com/images/t_cover_big/co6llb.jpg,2
2025-11-27,Destiny 2,https://gamedb-oz.s3.us-west-1.amazonaws.com/images/t_cover_big/co67qb.jpg,2
2025-11-27,Legacy of Kain: Defiance,https://gamedb-oz.s3.us-west-1.amazonaws.com/images/t_cover_big/co24qi.jpg,2
2025-11-27,Kingdom Come: Deliverance,https://gamedb-oz.s3.us-west-1.amazonaws.com/images/t_cover_big/co4aqi.jpg,2
2025-11-27,Naruto to Boruto: Shinobi Striker,https://gamedb-oz.s3.us-west-1.amazonaws.com/images/t_cover_big/fwx6dgszjzxuyxegltlh.jpg,2
2025-11-27,Dragon Ball: Xenoverse 2,https://gamedb-oz.s3.us-west-1.amazonaws.com/images/t_cover_big/co1u95.jpg,2
2025-11-27,Dishonored 2,https://gamedb-oz.s3.us-west-1.amazonaws.com/images/t_cover_big/co5pd0.jpg,2
2025-11-27,Wizard101,https://gamedb-oz.s3.us-west-1.amazonaws.com/images/t_cover_big/co1lxh.jpg,2
2025-11-27,Dead Space,https://gamedb-oz.s3.us-west-1.amazonaws.com/images/t_cover_big/co5esn.jpg,2
2025-11-27,Star Wars Jedi: Survivor,https://gamedb-oz.s3.us-west-1.amazonaws.com/images/t_cover_big/co5uzk.jpg,2
2025-11-27,Uncharted: Legacy of Thieves Collection,https://gamedb-oz.s3.us-west-1.amazonaws.com/images/t_cover_big/co3swl.jpg,2
2025-11-27,Outer Wilds,https://gamedb-oz.s3.us-west-1.amazonaws.com/images/t_cover_big/co65ac.jpg,2
2025-11-27,Tom Clancy's Ghost Recon: Breakpoint,https://gamedb-oz.s3.us-west-1.amazonaws.com/images/t_cover_big/co1xro.jpg,2
2025-11-27,Journey of a Special Average Balloon,https://gamedb-oz.s3.us-west-1.amazonaws.com/images/t_cover_big/uvojd8ycuxtxnjmyujg7.jpg,2
2025-11-27,Plants vs. Zombies: Replanted,https://gamedb-oz.s3.us-west-1.amazonaws.com/images/t_cover_big/coa7ic.jpg,2
2025-11-27,Coffee Talk,https://gamedb-oz.s3.us-west-1.amazonaws.com/images/t_cover_big/co55rx.jpg,2
2025-11-27,Pixicharm: Knightritious,https://gamedb-oz.s3.us-west-1.amazonaws.com/images/t_cover_big/coavn2.jpg,2
2025-11-27,Satisfactory,https://gamedb-oz.s3.us-west-1.amazonaws.com/images/t_cover_big/co1i2d.jpg,2
2025-11-27,Sacred 2 Remaster,https://gamedb-oz.s3.us-west-1.amazonaws.com/images/t_cover_big/coa7p8.jpg,2
2025-11-27,Possessor(s),https://gamedb-oz.s3.us-west-1.amazonaws.com/images/t_cover_big/co8big.jpg,2
2025-11-27,Kingdom Come: Deliverance II,https://gamedb-oz.s3.us-west-1.amazonaws.com/images/t_cover_big/96fa6396-bbf7-46fb-b9d6-a13093e2be0f.jpg,2
2025-11-27,Cazzarion: Robot Rush,https://gamedb-oz.s3.us-west-1.amazonaws.com/images/t_cover_big/co87dh.jpg,2
2025-11-27,The House of the Dead: Remake,https://gamedb-oz.s3.us-west-1.amazonaws.com/images/t_cover_big/co49hm.jpg,2
2025-11-27,Demonschool,https://gamedb-oz.s3.us-west-1.amazonaws.com/images/t_cover_big/co4v30.jpg,2
2025-11-27,Lucha Align,https://gamedb-oz.s3.us-west-1.amazonaws.com/images/t_cover_big/coasia.jpg,2
2025-11-27,Saving Princess of Mars,https://gamedb-oz.s3.us-west-1.amazonaws.com/images/t_cover_big/coarof.jpg,2
2025-11-27,Star Wars: Tales from the Galaxy’s Edge - Enhanced Edition,https://gamedb-oz.s3.us-west-1.amazonaws.com/images/t_cover_big/co5si7.jpg,2
2025-11-27,LEGO Harry Potter Collection,https://gamedb-oz.s3.us-west-1.amazonaws.com/images/t_cover_big/co8s8o.jpg,2
2025-11-27,Spec Ops: The Line,https://gamedb-oz.s3.us-west-1.amazonaws.com/images/t_cover_big/co2acb.jpg,2
2025-11-27,EA Sports UFC 5,https://gamedb-oz.s3.us-west-1.amazonaws.com/images/t_cover_big/co71e9.jpg,2
2025-11-27,Jusant,https://gamedb-oz.s3.us-west-1.amazonaws.com/images/t_cover_big/co6lz0.jpg,2
2025-11-27,The Invincible,https://gamedb-oz.s3.us-west-1.amazonaws.com/images/t_cover_big/co61ol.jpg,2
2025-11-27,Arma Reforger,https://gamedb-oz.s3.us-west-1.amazonaws.com/images/t_cover_big/co4rk4.jpg,2
2025-11-27,Metaphor: ReFantazio,https://gamedb-oz.s3.us-west-1.amazonaws.com/images/t_cover_big/co6lx1.jpg,2
2025-11-27,My Hero Ultra Rumble,https://gamedb-oz.s3.us-west-1.amazonaws.com/images/t_cover_big/co53i7.jpg,2
2025-11-27,Guilty Gear: Strive,https://gamedb-oz.s3.us-west-1.amazonaws.com/images/t_cover_big/co2lby.jpg,2
2025-11-27,Horizon Forbidden West,https://gamedb-oz.s3.us-west-1.amazonaws.com/images/t_cover_big/co2gvu.jpg,2
2025-11-27,Far Cry 5: Hope County - MT Collector's Case,https://gamedb-oz.s3.us-west-1.amazonaws.com/images/t_cover_big/co1knm.jpg,2
2025-11-27,Dragon Ball FighterZ,https://gamedb-oz.s3.us-west-1.amazonaws.com/images/t_cover_big/co1nih.jpg,2
2025-11-27,Yu-Gi-Oh! Master Duel,https://gamedb-oz.s3.us-west-1.amazonaws.com/images/t_cover_big/8dd62d26-cdd8-4073-a5a1-e6447cc9f5b6.jpg,2
2025-11-27,Wolfenstein II: The New Colossus,https://gamedb-oz.s3.us-west-1.amazonaws.com/images/t_cover_big/co21c5.jpg,2
2025-11-27,V Rising,https://gamedb-oz.s3.us-west-1.amazonaws.com/images/t_cover_big/co4qum.jpg,2
2025-11-27,Mortal Kombat 1,https://gamedb-oz.s3.us-west-1.amazonaws.com/images/t_cover_big/co6i4r.jpg,2
2025-11-27,Batman: The Enemy Within,https://gamedb-oz.s3.us-west-1.amazonaws.com/images/t_cover_big/co208l.jpg,2
2025-11-27,Mortal Kombat X,https://gamedb-oz.s3.us-west-1.amazonaws.com/images/t_cover_big/co1y08.jpg,2
2025-11-27,Call of Duty: Modern Warfare 2 Campaign Remastered,https://gamedb-oz.s3.us-west-1.amazonaws.com/images/t_cover_big/co2adp.jpg,2
2025-11-27,The Dark Pictures Anthology: Man of Medan,https://gamedb-oz.s3.us-west-1.amazonaws.com/images/t_cover_big/co1omz.jpg,2
2025-11-27,Ark: Survival Ascended,https://gamedb-oz.s3.us-west-1.amazonaws.com/images/t_cover_big/co6j4t.jpg,2
2025-11-27,No Man's Sky,https://gamedb-oz.s3.us-west-1.amazonaws.com/images/t_cover_big/co8j8v.jpg,2
2025-11-27,God of War III: Remastered,https://gamedb-oz.s3.us-west-1.amazonaws.com/images/t_cover_big/co3koh.jpg,2
2025-11-27,Star Wars Battlefront II,https://gamedb-oz.s3.us-west-1.amazonaws.com/images/t_cover_big/co3wi7.jpg,2
2025-11-27,Uncharted 2: Among Thieves Remastered,https://gamedb-oz.s3.us-west-1.amazonaws.com/images/t_cover_big/co1un4.jpg,2
2025-11-27,Portal Balls,https://gamedb-oz.s3.us-west-1.amazonaws.com/images/t_cover_big/co996m.jpg,2
2025-11-27,EA Sports WRC,https://gamedb-oz.s3.us-west-1.amazonaws.com/images/t_cover_big/co7aqn.jpg,2
2025-11-27,Gear.Club Unlimited 2: Ultimate Edition,https://gamedb-oz.s3.us-west-1.amazonaws.com/images/t_cover_big/co3zjs.jpg,2
2025-11-27,Castlevania: Symphony of the Night,https://gamedb-oz.s3.us-west-1.amazonaws.com/images/t_cover_big/co53m8.jpg,2
2025-11-27,Bully: Scholarship Edition,https://gamedb-oz.s3.us-west-1.amazonaws.com/images/t_cover_big/co2gvl.jpg,2
2025-11-27,Toy Story 3,https://gamedb-oz.s3.us-west-1.amazonaws.com/images/t_cover_big/co7sax.jpg,2
2025-11-27,Fallout 3,https://gamedb-oz.s3.us-west-1.amazonaws.com/images/t_cover_big/co1ycw.jpg,2
2025-11-27,"Guns, Gore and Cannoli 2",https://gamedb-oz.s3.us-west-1.amazonaws.com/images/t_cover_big/j10dhassxmqqqiyksbwo.jpg,2
2025-11-27,Call of Duty: WWII,https://gamedb-oz.s3.us-west-1.amazonaws.com/images/t_cover_big/co1rdj.jpg,2
2025-11-27,Gears of War 4,https://gamedb-oz.s3.us-west-1.amazonaws.com/images/t_cover_big/co2y29.jpg,2
2025-11-27,Dead Cells,https://gamedb-oz.s3.us-west-1.amazonaws.com/images/t_cover_big/co7jfv.jpg,2
2025-11-27,Golf With Your Friends,https://gamedb-oz.s3.us-west-1.amazonaws.com/images/t_cover_big/co2m85.jpg,2
2025-11-27,Wolfenstein: The New Order,https://gamedb-oz.s3.us-west-1.amazonaws.com/images/t_cover_big/co21c0.jpg,2
2025-11-27,Fall Guys,https://gamedb-oz.s3.us-west-1.amazonaws.com/images/t_cover_big/co48xc.jpg,2
2025-11-27,Resident Evil Village,https://gamedb-oz.s3.us-west-1.amazonaws.com/images/t_cover_big/co2zpu.jpg,2
2025-11-27,The Witcher 3: Wild Hunt - Complete Edition,https://gamedb-oz.s3.us-west-1.amazonaws.com/images/t_cover_big/co1wyz.jpg,2
2025-11-27,Tekken 6,https://gamedb-oz.s3.us-west-1.amazonaws.com/images/t_cover_big/co84sc.jpg,2
2025-11-27,Fallout: New Vegas,https://gamedb-oz.s3.us-west-1.amazonaws.com/images/t_cover_big/co1u60.jpg,2
2025-11-27,Lords of the Fallen,https://gamedb-oz.s3.us-west-1.amazonaws.com/images/t_cover_big/co72u9.jpg,2
2025-11-27,Doom + Doom II,https://gamedb-oz.s3.us-west-1.amazonaws.com/images/t_cover_big/co8npi.jpg,2
2025-11-27,Avowed,https://gamedb-oz.s3.us-west-1.amazonaws.com/images/t_cover_big/co7nbb.jpg,2
2025-11-27,Rematch,https://gamedb-oz.s3.us-west-1.amazonaws.com/images/t_cover_big/co95fx.jpg,2
2025-11-27,Abiotic Factor,https://gamedb-oz.s3.us-west-1.amazonaws.com/images/t_cover_big/co85d2.jpg,2
2025-11-27,NBA 2K26,https://gamedb-oz.s3.us-west-1.amazonaws.com/images/t_cover_big/coa3pk.jpg,2
2025-11-27,Deep Rock Galactic: Survivor,https://gamedb-oz.s3.us-west-1.amazonaws.com/images/t_cover_big/co68ah.jpg,2
2025-11-27,The Grinch: Christmas Adventures - Merry & Mischievous Edition,https://gamedb-oz.s3.us-west-1.amazonaws.com/images/t_cover_big/08100ff5-54ff-46d1-8aad-2309e62369c1.jpg,2
2025-11-27,Supermarket Simulator,https://gamedb-oz.s3.us-west-1.amazonaws.com/images/t_cover_big/co7np9.jpg,2
2025-11-27,Brawlhalla,https://gamedb-oz.s3.us-west-1.amazonaws.com/images/t_cover_big/co6i3u.jpg,1
2025-11-27,FIFA 15,https://gamedb-oz.s3.us-west-1.amazonaws.com/images/t_cover_big/co206w.jpg,1
2025-11-27,Pixicharm: Darkwood Dash,https://gamedb-oz.s3.us-west-1.amazonaws.com/images/t_cover_big/co9dpk.jpg,1
2025-11-27,Persona 5 Tactica,https://gamedb-oz.s3.us-west-1.amazonaws.com/images/t_cover_big/co7jo3.jpg,1
2025-11-27,Raft,https://gamedb-oz.s3.us-west-1.amazonaws.com/images/t_cover_big/co1xdc.jpg,1
2025-11-27,The Crew 2,https://gamedb-oz.s3.us-west-1.amazonaws.com/images/t_cover_big/co27an.jpg,1
2025-11-27,Nioh,https://gamedb-oz.s3.us-west-1.amazonaws.com/images/t_cover_big/co20xg.jpg,1
2025-11-27,"Warhammer 40,000: Darktide",https://gamedb-oz.s3.us-west-1.amazonaws.com/images/t_cover_big/co5j6u.jpg,1
2025-11-27,The Precinct,https://gamedb-oz.s3.us-west-1.amazonaws.com/images/t_cover_big/co6ltr.jpg,1
2025-11-27,Hotshot Racing,https://gamedb-oz.s3.us-west-1.amazonaws.com/images/t_cover_big/co2150.jpg,1
2025-11-27,Super Meat Boy,https://gamedb-oz.s3.us-west-1.amazonaws.com/images/t_cover_big/co276m.jpg,1
2025-11-27,Detroit: Become Human,https://gamedb-oz.s3.us-west-1.amazonaws.com/images/t_cover_big/co6mzf.jpg,1
2025-11-27,Poppy Playtime: Chapter 3 - Deep Sleep,https://gamedb-oz.s3.us-west-1.amazonaws.com/images/t_cover_big/co6udk.jpg,1
2025-11-27,Battlefield Hardline,https://gamedb-oz.s3.us-west-1.amazonaws.com/images/t_cover_big/co1nmg.jpg,1
2025-11-27,Dead or Alive 5 Last Round: Core Fighters,https://gamedb-oz.s3.us-west-1.amazonaws.com/images/t_cover_big/co4baj.jpg,1
2025-11-27,The Pedestrian,https://gamedb-oz.s3.us-west-1.amazonaws.com/images/t_cover_big/co1wln.jpg,1
2025-11-27,Neptunia x Senran Kagura: Ninja Wars,https://gamedb-oz.s3.us-west-1.amazonaws.com/images/t_cover_big/co3rn2.jpg,1
2025-11-27,The Callisto Protocol,https://gamedb-oz.s3.us-west-1.amazonaws.com/images/t_cover_big/co4ymo.jpg,1
2025-11-27,Like a Dragon: Pirate Yakuza in Hawaii,https://gamedb-oz.s3.us-west-1.amazonaws.com/images/t_cover_big/co8u8o.jpg,1
2025-11-27,Trials Rising,https://gamedb-oz.s3.us-west-1.amazonaws.com/images/t_cover_big/co2697.jpg,1
2025-11-27,Sly 3: Honor Among Thieves,https://gamedb-oz.s3.us-west-1.amazonaws.com/images/t_cover_big/co1p0q.jpg,1
2025-11-27,SoulCalibur V,https://gamedb-oz.s3.us-west-1.amazonaws.com/images/t_cover_big/co1ta1.jpg,1
2025-11-27,Monopoly,https://gamedb-oz.s3.us-west-1.amazonaws.com/images/t_cover_big/co8bye.jpg,1
2025-11-27,Taiko no Tatsujin: Drum Session,https://gamedb-oz.s3.us-west-1.amazonaws.com/images/t_cover_big/co1qjp.jpg,1
2025-11-27,Monster Hunter Wilds,https://gamedb-oz.s3.us-west-1.amazonaws.com/images/t_cover_big/c13fb7a6-4f83-4150-919f-06d60fc66baa.jpg,1
2025-11-27,Sonic Origins Plus,https://gamedb-oz.s3.us-west-1.amazonaws.com/images/t_cover_big/6844db3e-dbf0-4655-956b-9d4b8b9ddb28.jpg,1
2025-11-27,Split Fiction,https://gamedb-oz.s3.us-west-1.amazonaws.com/images/t_cover_big/co95gf.jpg,1
2025-11-27,The Legend of Heroes: Trails of Cold Steel III,https://gamedb-oz.s3.us-west-1.amazonaws.com/images/t_cover_big/co1mkb.jpg,1
2025-11-27,Johnny Turbo's Arcade: Bad Dudes,https://gamedb-oz.s3.us-west-1.amazonaws.com/images/t_cover_big/co3f5f.jpg,1
2025-11-27,Chivalry 2,https://gamedb-oz.s3.us-west-1.amazonaws.com/images/t_cover_big/co2yqh.jpg,1
2025-11-27,Blade Dancer: Lineage of Light,https://gamedb-oz.s3.us-west-1.amazonaws.com/images/t_cover_big/co2nhv.jpg,1
2025-11-27,Dreaming Sarah,https://gamedb-oz.s3.us-west-1.amazonaws.com/images/t_cover_big/co2cqy.jpg,1
2025-11-27,Full Throttle Remastered,https://gamedb-oz.s3.us-west-1.amazonaws.com/images/t_cover_big/co24ie.jpg,1
2025-11-27,Spider-Man: Shattered Dimensions,https://gamedb-oz.s3.us-west-1.amazonaws.com/images/t_cover_big/co2xiv.jpg,1
2025-11-27,Tomb Raider: Legend,https://gamedb-oz.s3.us-west-1.amazonaws.com/images/t_cover_big/co1nnv.jpg,1
2025-11-27,Divinity: Original Sin - Enhanced Edition,https://gamedb-oz.s3.us-west-1.amazonaws.com/images/t_cover_big/co2v6a.jpg,1
2025-11-27,ActionCam: Supernatural Case,https://gamedb-oz.s3.us-west-1.amazonaws.com/images/t_cover_big/co9gm7.jpg,1
2025-11-27,The First Descendant,https://gamedb-oz.s3.us-west-1.amazonaws.com/images/t_cover_big/co7h7w.jpg,1
2025-11-27,God Eater Resurrection,https://gamedb-oz.s3.us-west-1.amazonaws.com/images/t_cover_big/co3vp1.jpg,1
2025-11-27,Supermarket Shopping Simulator,https://gamedb-oz.s3.us-west-1.amazonaws.com/images/t_cover_big/co83t0.jpg,1
2025-11-27,The Mark of Kri,https://gamedb-oz.s3.us-west-1.amazonaws.com/images/t_cover_big/co1p2q.jpg,1
2025-11-27,Hot Shots Golf,https://gamedb-oz.s3.us-west-1.amazonaws.com/images/t_cover_big/jpiotwj3s6pkga9cmwa8.jpg,1
2025-11-27,Call of Duty: Infinite Warfare,https://gamedb-oz.s3.us-west-1.amazonaws.com/images/t_cover_big/co1wkp.jpg,1
2025-11-27,Tokyo Xanadu,https://gamedb-oz.s3.us-west-1.amazonaws.com/images/t_cover_big/co1oqt.jpg,1
2025-11-27,My Big Sister,https://gamedb-oz.s3.us-west-1.amazonaws.com/images/t_cover_big/co249u.jpg,1
2025-11-27,Dying Light,https://gamedb-oz.s3.us-west-1.amazonaws.com/images/t_cover_big/co65yq.jpg,1
2025-11-27,SaGa Frontier 2 Remastered,https://gamedb-oz.s3.us-west-1.amazonaws.com/images/t_cover_big/co9l16.jpg,1
2025-11-27,Blue Prince,https://gamedb-oz.s3.us-west-1.amazonaws.com/images/t_cover_big/co3mfv.jpg,1
2025-11-27,Stardew Valley,https://gamedb-oz.s3.us-west-1.amazonaws.com/images/t_cover_big/xrpmydnu9rpxvxfjkiu7.jpg,1
2025-11-27,Forever Skies,https://gamedb-oz.s3.us-west-1.amazonaws.com/images/t_cover_big/co4cma.jpg,1
2025-11-27,Taiko no Tatsujin: Rhythm Festival,https://gamedb-oz.s3.us-west-1.amazonaws.com/images/t_cover_big/co4hb2.jpg,1
2025-11-27,Cazzarion: Fishing,https://gamedb-oz.s3.us-west-1.amazonaws.com/images/t_cover_big/co9irm.jpg,1
2025-11-27,Saints Row IV: Re-Elected,https://gamedb-oz.s3.us-west-1.amazonaws.com/images/t_cover_big/co1y9h.jpg,1
2025-11-27,Raji: An Ancient Epic,https://gamedb-oz.s3.us-west-1.amazonaws.com/images/t_cover_big/co1xhp.jpg,1
2025-11-27,The Talos Principle: Reawakened,https://gamedb-oz.s3.us-west-1.amazonaws.com/images/t_cover_big/co94rr.jpg,1
2025-11-27,Tainted Grail: The Fall of Avalon,https://gamedb-oz.s3.us-west-1.amazonaws.com/images/t_cover_big/co65pk.jpg,1
2025-11-27,Assassin's Creed Revelations,https://gamedb-oz.s3.us-west-1.amazonaws.com/images/t_cover_big/co1xih.jpg,1
2025-11-27,Attack of the Toy Tanks,https://gamedb-oz.s3.us-west-1.amazonaws.com/images/t_cover_big/co24g3.jpg,1
2025-11-27,Infamous,https://gamedb-oz.s3.us-west-1.amazonaws.com/images/t_cover_big/co2idj.jpg,1
2025-11-27,Worms Rumble,https://gamedb-oz.s3.us-west-1.amazonaws.com/images/t_cover_big/co2l8d.jpg,1
2025-11-27,Cazzarion: Ship Hunting,https://gamedb-oz.s3.us-west-1.amazonaws.com/images/t_cover_big/co8e6h.jpg,1
2025-11-27,Onimusha 2: Samurai's Destiny,https://gamedb-oz.s3.us-west-1.amazonaws.com/images/t_cover_big/a4f82c8e-81a4-4be5-ae4b-f81fc224b51c.jpg,1
2025-11-27,Marvel's Guardians of the Galaxy: The Telltale Series,https://gamedb-oz.s3.us-west-1.amazonaws.com/images/t_cover_big/co27yt.jpg,1
2025-11-27,Gran Turismo 7,https://gamedb-oz.s3.us-west-1.amazonaws.com/images/t_cover_big/co2g84.jpg,1
2025-11-27,Jurassic World Evolution 2,https://gamedb-oz.s3.us-west-1.amazonaws.com/images/t_cover_big/co45hs.jpg,1
2025-11-27,Cazzarion: Drone Attack,https://gamedb-oz.s3.us-west-1.amazonaws.com/images/t_cover_big/co8za1.jpg,1
2025-11-27,Cazzarion: Jumping Tiger,https://gamedb-oz.s3.us-west-1.amazonaws.com/images/t_cover_big/co8i4e.jpg,1
2025-11-27,Hypercharge: Unboxed,https://gamedb-oz.s3.us-west-1.amazonaws.com/images/t_cover_big/co5c1l.jpg,1
2025-11-27,Star Wars Battlefront,https://gamedb-oz.s3.us-west-1.amazonaws.com/images/t_cover_big/co2res.jpg,1
2025-11-27,FragPunk,https://gamedb-oz.s3.us-west-1.amazonaws.com/images/t_cover_big/co8bp1.jpg,1
2025-11-27,Kingdom Hearts II Final Mix,https://gamedb-oz.s3.us-west-1.amazonaws.com/images/t_cover_big/co5k1k.jpg,1
2025-11-27,Final Fantasy XIV Online,https://gamedb-oz.s3.us-west-1.amazonaws.com/images/t_cover_big/co48rz.jpg,1
2025-11-27,Achilles: Survivor,https://gamedb-oz.s3.us-west-1.amazonaws.com/images/t_cover_big/co8y2z.jpg,1
2025-11-27,Just Dance 2023 Edition,https://gamedb-oz.s3.us-west-1.amazonaws.com/images/t_cover_big/co57jm.jpg,1
2025-11-27,Stories from Sol: The Gun-Dog,https://gamedb-oz.s3.us-west-1.amazonaws.com/images/t_cover_big/co6iyh.jpg,1
2025-11-27,Kingdom Hearts Birth by Sleep Final Mix,https://gamedb-oz.s3.us-west-1.amazonaws.com/images/t_cover_big/co5k1h.jpg,1
2025-11-27,Call of Duty: Black Ops III,https://gamedb-oz.s3.us-west-1.amazonaws.com/images/t_cover_big/co20yw.jpg,1
2025-11-27,Cazzarion: Drone Flight,https://gamedb-oz.s3.us-west-1.amazonaws.com/images/t_cover_big/co8unt.jpg,1
2025-11-27,Cazzarion: Hell Biker,https://gamedb-oz.s3.us-west-1.amazonaws.com/images/t_cover_big/co9i26.jpg,1
2025-11-27,Forspoken,https://gamedb-oz.s3.us-west-1.amazonaws.com/images/t_cover_big/co4a8v.jpg,1
2025-11-27,Tekken 8,https://gamedb-oz.s3.us-west-1.amazonaws.com/images/t_cover_big/co7lbb.jpg,1
2025-11-27,V-Rally 4,https://gamedb-oz.s3.us-west-1.amazonaws.com/images/t_cover_big/co1v1v.jpg,1
2025-11-27,Elex II,https://gamedb-oz.s3.us-west-1.amazonaws.com/images/t_cover_big/co39yr.jpg,1
2025-11-27,Greg Hastings Paintball 2,https://gamedb-oz.s3.us-west-1.amazonaws.com/images/t_cover_big/co3d6u.jpg,1
2025-11-27,There's a Gun in the Office,https://gamedb-oz.s3.us-west-1.amazonaws.com/images/t_cover_big/1ea80e95-1dcb-4b7f-bc37-c2a5121f8d4b.jpg,1
2025-11-27,A Rose in the Twilight,https://gamedb-oz.s3.us-west-1.amazonaws.com/images/t_cover_big/co23nz.jpg,1
2025-11-27,Generation Zero,https://gamedb-oz.s3.us-west-1.amazonaws.com/images/t_cover_big/co1iz7.jpg,1
2025-11-27,A Plague Tale: Requiem,https://gamedb-oz.s3.us-west-1.amazonaws.com/images/t_cover_big/co5pwb.jpg,1
2025-11-27,Final Fantasy XII: The Zodiac Age,https://gamedb-oz.s3.us-west-1.amazonaws.com/images/t_cover_big/co2g6o.jpg,1
2025-11-27,MindsEye,https://gamedb-oz.s3.us-west-1.amazonaws.com/images/t_cover_big/a19221ae-a7ad-4f10-aeca-d7cb4ec40e70.jpg,1
2025-11-27,Soundfall,https://gamedb-oz.s3.us-west-1.amazonaws.com/images/t_cover_big/co2rd3.jpg,1
2025-11-27,Lynked: Banner of the Spark,https://gamedb-oz.s3.us-west-1.amazonaws.com/images/t_cover_big/dcad0577-2ca8-44aa-82c9-5d94b515dc96.jpg,1
2025-11-27,Red Dead Redemption 2,https://gamedb-oz.s3.us-west-1.amazonaws.com/images/t_cover_big/co1q1f.jpg,1
2025-11-27,Tales of Arise,https://gamedb-oz.s3.us-west-1.amazonaws.com/images/t_cover_big/co5ls2.jpg,1
2025-11-27,Hello Kitty Island Adventure,https://gamedb-oz.s3.us-west-1.amazonaws.com/images/t_cover_big/co6ohb.jpg,1
2025-11-27,Dark Deception: Monsters & Mortals,https://gamedb-oz.s3.us-west-1.amazonaws.com/images/t_cover_big/co5cys.jpg,1
2025-11-27,Days Gone,https://gamedb-oz.s3.us-west-1.amazonaws.com/images/t_cover_big/co1izz.jpg,1
2025-11-27,Hatsune Miku: Project Diva Future Tone,https://gamedb-oz.s3.us-west-1.amazonaws.com/images/t_cover_big/co1tos.jpg,1
2025-11-27,Marvel's Guardians of the Galaxy,https://gamedb-oz.s3.us-west-1.amazonaws.com/images/t_cover_big/co39pu.jpg,1
2025-11-27,Rooftops & Alleys: The Parkour Game,https://gamedb-oz.s3.us-west-1.amazonaws.com/images/t_cover_big/co88el.jpg,1
2025-11-27,Ben 10,https://gamedb-oz.s3.us-west-1.amazonaws.com/images/t_cover_big/co26x5.jpg,1
2025-11-27,Nobody Saves the World,https://gamedb-oz.s3.us-west-1.amazonaws.com/images/t_cover_big/co2wcz.jpg,1
2025-11-27,Far: Changing Tides,https://gamedb-oz.s3.us-west-1.amazonaws.com/images/t_cover_big/co39qz.jpg,1
2025-11-27,Deep Rock Galactic,https://gamedb-oz.s3.us-west-1.amazonaws.com/images/t_cover_big/co48gx.jpg,1
2025-11-27,Kingdom Hearts: Melody of Memory,https://gamedb-oz.s3.us-west-1.amazonaws.com/images/t_cover_big/co2gk9.jpg,1
2025-11-27,Palworld,https://gamedb-oz.s3.us-west-1.amazonaws.com/images/t_cover_big/co7n02.jpg,1
2025-11-27,Alien: Isolation,https://gamedb-oz.s3.us-west-1.amazonaws.com/images/t_cover_big/co1vzu.jpg,1
2025-11-27,Wuchang: Fallen Feathers,https://gamedb-oz.s3.us-west-1.amazonaws.com/images/t_cover_big/2e751774-72da-413c-acdf-204dcd397d58.jpg,1
2025-11-27,Crash Bandicoot 2: Cortex Strikes Back,https://gamedb-oz.s3.us-west-1.amazonaws.com/images/t_cover_big/co2i42.jpg,1
2025-11-27,"Knowledge, or Know Lady",https://gamedb-oz.s3.us-west-1.amazonaws.com/images/t_cover_big/co807q.jpg,1
2025-11-27,For the King,https://gamedb-oz.s3.us-west-1.amazonaws.com/images/t_cover_big/co1hxc.jpg,1
2025-11-27,Darkest Dungeon,https://gamedb-oz.s3.us-west-1.amazonaws.com/images/t_cover_big/co1rc4.jpg,1
2025-11-27,Granblue Fantasy: Relink,https://gamedb-oz.s3.us-west-1.amazonaws.com/images/t_cover_big/co6yz7.jpg,1
2025-11-27,Lawn Mowing Simulator,https://gamedb-oz.s3.us-west-1.amazonaws.com/images/t_cover_big/co2wcb.jpg,1
2025-11-27,Dark Souls: Remastered,https://gamedb-oz.s3.us-west-1.amazonaws.com/images/t_cover_big/co2uro.jpg,1
2025-11-27,Fist of the North Star: Ken's Rage 2,https://gamedb-oz.s3.us-west-1.amazonaws.com/images/t_cover_big/co49og.jpg,1
2025-11-27,LEGO Batman 2: DC Super Heroes,https://gamedb-oz.s3.us-west-1.amazonaws.com/images/t_cover_big/co2j0q.jpg,1
2025-11-27,Blair Witch,https://gamedb-oz.s3.us-west-1.amazonaws.com/images/t_cover_big/co1rci.jpg,1
2025-11-27,EA Sports College Football 26,https://gamedb-oz.s3.us-west-1.amazonaws.com/images/t_cover_big/coa0br.jpg,1
2025-11-27,Rise of the Tomb Raider,https://gamedb-oz.s3.us-west-1.amazonaws.com/images/t_cover_big/co1rqa.jpg,1
2025-11-27,Judgment,https://gamedb-oz.s3.us-west-1.amazonaws.com/images/t_cover_big/co1rqt.jpg,1
2025-11-27,Green Hell,https://gamedb-oz.s3.us-west-1.amazonaws.com/images/t_cover_big/co255i.jpg,1
2025-11-27,Cris Tales,https://gamedb-oz.s3.us-west-1.amazonaws.com/images/t_cover_big/co2efa.jpg,1
2025-11-27,Back in 1995,https://gamedb-oz.s3.us-west-1.amazonaws.com/images/t_cover_big/co2301.jpg,1
2025-11-27,Is It Wrong to Try to Pick Up Girls in a Dungeon?: Battle Chronicle,https://gamedb-oz.s3.us-west-1.amazonaws.com/images/t_cover_big/7aba6d67-9e2d-4d29-8d2c-ca99e75030b6.jpg,1
2025-11-27,BackfireWall,https://gamedb-oz.s3.us-west-1.amazonaws.com/images/t_cover_big/co4v4a.jpg,1
2025-11-27,MediEvil,https://gamedb-oz.s3.us-west-1.amazonaws.com/images/t_cover_big/co1tjg.jpg,1
2025-11-27,Cat From Hell: Cat Simulator,https://gamedb-oz.s3.us-west-1.amazonaws.com/images/t_cover_big/co9m2t.jpg,1
2025-11-27,The Sexy Brutale,https://gamedb-oz.s3.us-west-1.amazonaws.com/images/t_cover_big/co23dx.jpg,1
2025-11-27,Godzilla: The Game,https://gamedb-oz.s3.us-west-1.amazonaws.com/images/t_cover_big/co2vv2.jpg,1
2025-11-27,Gotham Knights,https://gamedb-oz.s3.us-west-1.amazonaws.com/images/t_cover_big/co3s9z.jpg,1
2025-11-27,I Am Setsuna,https://gamedb-oz.s3.us-west-1.amazonaws.com/images/t_cover_big/co1pwt.jpg,1
2025-11-27,Call of Duty: Modern Warfare II,https://gamedb-oz.s3.us-west-1.amazonaws.com/images/t_cover_big/co4sbw.jpg,1
2025-11-27,LEGO The Lord of the Rings,https://gamedb-oz.s3.us-west-1.amazonaws.com/images/t_cover_big/co20pp.jpg,1
2025-11-27,Danganronpa: Trigger Happy Havoc,https://gamedb-oz.s3.us-west-1.amazonaws.com/images/t_cover_big/co1n1w.jpg,1
2025-11-27,Persona 5 Royal,https://gamedb-oz.s3.us-west-1.amazonaws.com/images/t_cover_big/co1nic.jpg,1
2025-11-27,Cult of the Lamb,https://gamedb-oz.s3.us-west-1.amazonaws.com/images/t_cover_big/co55md.jpg,1
2025-11-27,Demon Slayer: Kimetsu no Yaiba - The Hinokami Chronicles 2,https://gamedb-oz.s3.us-west-1.amazonaws.com/images/t_cover_big/co9n4g.jpg,1
2025-11-27,Surgeon Simulator: Anniversary Edition,https://gamedb-oz.s3.us-west-1.amazonaws.com/images/t_cover_big/co49kw.jpg,1
2025-11-27,Disgaea 3: Absence of Detention,https://gamedb-oz.s3.us-west-1.amazonaws.com/images/t_cover_big/co2h0n.jpg,1
2025-11-27,Star Trek: Bridge Crew,https://gamedb-oz.s3.us-west-1.amazonaws.com/images/t_cover_big/co27vi.jpg,1
2025-11-27,The Dark Pictures Anthology: Little Hope,https://gamedb-oz.s3.us-west-1.amazonaws.com/images/t_cover_big/co20xn.jpg,1
2025-11-27,Asphalt: Injection,https://gamedb-oz.s3.us-west-1.amazonaws.com/images/t_cover_big/co2kmf.jpg,1
2025-11-27,Plants vs. Zombies,https://gamedb-oz.s3.us-west-1.amazonaws.com/images/t_cover_big/co49qy.jpg,1
2025-11-27,Paragon,https://gamedb-oz.s3.us-west-1.amazonaws.com/images/t_cover_big/co29i6.jpg,1
2025-11-27,Dragon Ball Z: Kakarot,https://gamedb-oz.s3.us-west-1.amazonaws.com/images/t_cover_big/co2kqa.jpg,1
2025-11-27,Kingdom Hearts Final Mix,https://gamedb-oz.s3.us-west-1.amazonaws.com/images/t_cover_big/co5k57.jpg,1
2025-11-27,Wanted: Dead,https://gamedb-oz.s3.us-west-1.amazonaws.com/images/t_cover_big/co3x65.jpg,1
2025-11-27,Kitten Squad,https://gamedb-oz.s3.us-west-1.amazonaws.com/images/t_cover_big/co2bt6.jpg,1
2025-11-27,Naraka: Bladepoint,https://gamedb-oz.s3.us-west-1.amazonaws.com/images/t_cover_big/0188780d-93b5-4315-b42f-18189ead1c99.jpg,1
2025-11-27,Crash Bandicoot,https://gamedb-oz.s3.us-west-1.amazonaws.com/images/t_cover_big/co3ywi.jpg,1
2025-11-27,Hell is Us,https://gamedb-oz.s3.us-west-1.amazonaws.com/images/t_cover_big/fae44ab2-a3f1-4162-8929-0dfb116e6a43.jpg,1
2025-11-27,The Stanley Parable: Ultra Deluxe,https://gamedb-oz.s3.us-west-1.amazonaws.com/images/t_cover_big/b400a3ff-b548-4380-93c5-cf795384703b.jpg,1
2025-11-27,Destiny,https://gamedb-oz.s3.us-west-1.amazonaws.com/images/t_cover_big/co1rco.jpg,1
2025-11-27,Duke Nukem 3D,https://gamedb-oz.s3.us-west-1.amazonaws.com/images/t_cover_big/co1y7x.jpg,1
2025-11-27,Theatrhythm Final Bar Line,https://gamedb-oz.s3.us-west-1.amazonaws.com/images/t_cover_big/co59tj.jpg,1
2025-11-27,Blue Reflection,https://gamedb-oz.s3.us-west-1.amazonaws.com/images/t_cover_big/co4aux.jpg,1
2025-11-27,Shinobi: Art of Vengeance,https://gamedb-oz.s3.us-west-1.amazonaws.com/images/t_cover_big/fe33669c-62f8-4646-9913-4b0891a723e8.jpg,1
2025-11-27,Batman: Arkham Knight,https://gamedb-oz.s3.us-west-1.amazonaws.com/images/t_cover_big/co1nh1.jpg,1
2025-11-27,Super Robot Wars Y,https://gamedb-oz.s3.us-west-1.amazonaws.com/images/t_cover_big/co9l0b.jpg,1
2025-11-27,Thronebreaker: The Witcher Tales,https://gamedb-oz.s3.us-west-1.amazonaws.com/images/t_cover_big/co1qsk.jpg,1
2025-11-27,Persona 3 Reload: Persona 4 Golden EX BGM Set,https://gamedb-oz.s3.us-west-1.amazonaws.com/images/t_cover_big/248ab6cb-0091-4c32-ac90-64ebed35756a.jpg,1
2025-11-27,Escape Academy,https://gamedb-oz.s3.us-west-1.amazonaws.com/images/t_cover_big/co4kjz.jpg,1
2025-11-27,Echochrome,https://gamedb-oz.s3.us-west-1.amazonaws.com/images/t_cover_big/co2c65.jpg,1
2025-11-27,Slime Rancher,https://gamedb-oz.s3.us-west-1.amazonaws.com/images/t_cover_big/co73i2.jpg,1
2025-11-27,Disney Classic Games: Aladdin and The Lion King,https://gamedb-oz.s3.us-west-1.amazonaws.com/images/t_cover_big/co1s6m.jpg,1
2025-11-27,Chernobylite 2: Exclusion Zone,https://gamedb-oz.s3.us-west-1.amazonaws.com/images/t_cover_big/co8s8k.jpg,1
2025-11-27,Star Trek Online,https://gamedb-oz.s3.us-west-1.amazonaws.com/images/t_cover_big/co1o44.jpg,1
2025-11-27,Grand Theft Auto: San Andreas - The Definitive Edition,https://gamedb-oz.s3.us-west-1.amazonaws.com/images/t_cover_big/co42pb.jpg,1
2025-11-27,Infamous: Second Son,https://gamedb-oz.s3.us-west-1.amazonaws.com/images/t_cover_big/co1izy.jpg,1
2025-11-27,Assassin's Creed Chronicles: China,https://gamedb-oz.s3.us-west-1.amazonaws.com/images/t_cover_big/co1qy6.jpg,1
2025-11-27,Dirt 5,https://gamedb-oz.s3.us-west-1.amazonaws.com/images/t_cover_big/co2e5b.jpg,1
2025-11-27,Valiant Hearts: The Great War,https://gamedb-oz.s3.us-west-1.amazonaws.com/images/t_cover_big/co25zo.jpg,1
2025-11-27,Funko Fusion,https://gamedb-oz.s3.us-west-1.amazonaws.com/images/t_cover_big/co85aq.jpg,1
2025-11-27,Fear Effect,https://gamedb-oz.s3.us-west-1.amazonaws.com/images/t_cover_big/co2ppw.jpg,1
2025-11-27,The Evil Within,https://gamedb-oz.s3.us-west-1.amazonaws.com/images/t_cover_big/co5wgs.jpg,1
2025-11-27,Aven Colony,https://gamedb-oz.s3.us-west-1.amazonaws.com/images/t_cover_big/co234w.jpg,1
2025-11-27,Dragon's Dogma II,https://gamedb-oz.s3.us-west-1.amazonaws.com/images/t_cover_big/co7fah.jpg,1
2025-11-27,Goat Simulator,https://gamedb-oz.s3.us-west-1.amazonaws.com/images/t_cover_big/co2dhr.jpg,1
2025-11-27,Dying Light: The Beast,https://gamedb-oz.s3.us-west-1.amazonaws.com/images/t_cover_big/co8pey.jpg,1
2025-11-27,Fallen Legion: Flames of Rebellion,https://gamedb-oz.s3.us-west-1.amazonaws.com/images/t_cover_big/co237e.jpg,1
2025-11-27,Gabby's Dollhouse: Ready to Party,https://gamedb-oz.s3.us-west-1.amazonaws.com/images/t_cover_big/coa5g3.jpg,1
2025-11-27,Farming Simulator 22,https://gamedb-oz.s3.us-west-1.amazonaws.com/images/t_cover_big/co494f.jpg,1
2025-11-27,Sly 2: Band of Thieves,https://gamedb-oz.s3.us-west-1.amazonaws.com/images/t_cover_big/co1p0p.jpg,1
2025-11-27,Honkai: Star Rail,https://gamedb-oz.s3.us-west-1.amazonaws.com/images/t_cover_big/co6f1s.jpg,1
2025-11-27,Slime Rancher 2,https://gamedb-oz.s3.us-west-1.amazonaws.com/images/t_cover_big/co5bbt.jpg,1
2025-11-27,Atelier Resleriana: The Red Alchemist & The White Guardian,https://gamedb-oz.s3.us-west-1.amazonaws.com/images/t_cover_big/co922l.jpg,1
2025-11-27,Hidden Cats in Tokyo,https://gamedb-oz.s3.us-west-1.amazonaws.com/images/t_cover_big/co8wlp.jpg,1
2025-11-27,Narita Boy,https://gamedb-oz.s3.us-west-1.amazonaws.com/images/t_cover_big/co2t3i.jpg,1
2025-11-27,King of Meat,https://gamedb-oz.s3.us-west-1.amazonaws.com/images/t_cover_big/co8pf1.jpg,1
2025-11-27,Poppy Playtime: Chapter 4 - Safe Haven,https://gamedb-oz.s3.us-west-1.amazonaws.com/images/t_cover_big/28f3dff8-bcbc-4158-ba84-22e9d1300b90.jpg,1
2025-11-27,The Legend of Heroes: Trails of Cold Steel,https://gamedb-oz.s3.us-west-1.amazonaws.com/images/t_cover_big/co44ma.jpg,1
2025-11-27,Paw Patrol: On a Roll!,https://gamedb-oz.s3.us-west-1.amazonaws.com/images/t_cover_big/co27nt.jpg,1
2025-11-27,Space Hulk: Deathwing,https://gamedb-oz.s3.us-west-1.amazonaws.com/images/t_cover_big/co24tj.jpg,1
2025-11-27,DC Universe Online,https://gamedb-oz.s3.us-west-1.amazonaws.com/images/t_cover_big/co1u18.jpg,1
2025-11-27,Dark Souls III,https://gamedb-oz.s3.us-west-1.amazonaws.com/images/t_cover_big/co1vcf.jpg,1
2025-11-27,Contra Anniversary Collection,https://gamedb-oz.s3.us-west-1.amazonaws.com/images/t_cover_big/co24ab.jpg,1
2025-11-27,Orcs Must Die! Deathtrap,https://gamedb-oz.s3.us-west-1.amazonaws.com/images/t_cover_big/co8iy3.jpg,1
2025-11-27,Star Wars: Bounty Hunter,https://gamedb-oz.s3.us-west-1.amazonaws.com/images/t_cover_big/co2g6x.jpg,1
2025-11-27,Invizimals: The Lost Kingdom,https://gamedb-oz.s3.us-west-1.amazonaws.com/images/t_cover_big/co3dcy.jpg,1
2025-11-27,Resident Evil 4: The Mercenaries,https://gamedb-oz.s3.us-west-1.amazonaws.com/images/t_cover_big/co6apl.jpg,1
2025-11-27,Little Nightmares III,https://gamedb-oz.s3.us-west-1.amazonaws.com/images/t_cover_big/69ad0724-7cf6-4c58-a473-d975a3eb4ba9.jpg,1
2025-11-27,Absolum,https://gamedb-oz.s3.us-west-1.amazonaws.com/images/t_cover_big/co9hyx.jpg,1
2025-11-27,Final Fantasy VII Rebirth,https://gamedb-oz.s3.us-west-1.amazonaws.com/images/t_cover_big/co73ju.jpg,1
2025-11-27,Stumble Guys,https://gamedb-oz.s3.us-west-1.amazonaws.com/images/t_cover_big/co4hcc.jpg,1
2025-11-27,A Little to the Left,https://gamedb-oz.s3.us-west-1.amazonaws.com/images/t_cover_big/co887d.jpg,1
2025-11-27,Valkyrie Elysium,https://gamedb-oz.s3.us-west-1.amazonaws.com/images/t_cover_big/co4k5c.jpg,1
2025-11-27,Front Mission 1st: Remake,https://gamedb-oz.s3.us-west-1.amazonaws.com/images/t_cover_big/co4hbi.jpg,1
2025-11-27,Bug-o-Buster,https://gamedb-oz.s3.us-west-1.amazonaws.com/images/t_cover_big/8cac12b8-2304-43bb-806f-dc5289da764d.jpg,1
2025-11-27,Morbid: The Seven Acolytes,https://gamedb-oz.s3.us-west-1.amazonaws.com/images/t_cover_big/co29q0.jpg,1
2025-11-27,Signalis,https://gamedb-oz.s3.us-west-1.amazonaws.com/images/t_cover_big/co62ig.jpg,1
2025-11-27,Bō: Path of the Teal Lotus,https://gamedb-oz.s3.us-west-1.amazonaws.com/images/t_cover_big/co87pc.jpg,1
2025-11-27,EA Sports FC 25,https://gamedb-oz.s3.us-west-1.amazonaws.com/images/t_cover_big/co8j45.jpg,1
2025-11-27,Faaast Penguin,https://gamedb-oz.s3.us-west-1.amazonaws.com/images/t_cover_big/co8pqr.jpg,1
2025-11-27,Doki Doki Literature Club Plus!,https://gamedb-oz.s3.us-west-1.amazonaws.com/images/t_cover_big/co395s.jpg,1
2025-11-27,New Supper Banana!,https://gamedb-oz.s3.us-west-1.amazonaws.com/images/t_cover_big/coafe2.jpg,1
2025-11-27,Epic Mickey: Rebrushed,https://gamedb-oz.s3.us-west-1.amazonaws.com/images/t_cover_big/co7shk.jpg,1
2025-11-27,Full Metal Schoolgirl,https://gamedb-oz.s3.us-west-1.amazonaws.com/images/t_cover_big/coa2fb.jpg,1
2025-11-27,Snoopy & The Great Mystery Club,https://gamedb-oz.s3.us-west-1.amazonaws.com/images/t_cover_big/coa9w8.jpg,1
2025-11-27,Vampire: The Masquerade - Bloodlines 2,https://gamedb-oz.s3.us-west-1.amazonaws.com/images/t_cover_big/co2hwd.jpg,1
2025-11-27,Skate Story,https://gamedb-oz.s3.us-west-1.amazonaws.com/images/t_cover_big/co4xg0.jpg,1
2025-11-27,Hyperdimension Neptunia Re;Birth3: V Generation,https://gamedb-oz.s3.us-west-1.amazonaws.com/images/t_cover_big/ocfogcsxnlavsvrxzvqa.jpg,1
2025-11-27,Pac-Man Mega Tunnel Battle: Chomp Champs,https://gamedb-oz.s3.us-west-1.amazonaws.com/images/t_cover_big/co77pa.jpg,1
2025-11-27,Maestro: Duel of the Fates,https://gamedb-oz.s3.us-west-1.amazonaws.com/images/t_cover_big/co9ze8.jpg,1
2025-11-27,Don't Starve Together: Console Edition,https://gamedb-oz.s3.us-west-1.amazonaws.com/images/t_cover_big/co1lhn.jpg,1
2025-11-27,Once Upon a Katamari,https://gamedb-oz.s3.us-west-1.amazonaws.com/images/t_cover_big/coa7i8.jpg,1
2025-11-27,Godbreakers,https://gamedb-oz.s3.us-west-1.amazonaws.com/images/t_cover_big/coa75l.jpg,1
2025-11-27,Dynasty Warriors: Origins,https://gamedb-oz.s3.us-west-1.amazonaws.com/images/t_cover_big/co8a57.jpg,1
2025-11-27,Cat Quest III,https://gamedb-oz.s3.us-west-1.amazonaws.com/images/t_cover_big/co6jbm.jpg,1
2025-11-27,Family Guy: Back to the Multiverse,https://gamedb-oz.s3.us-west-1.amazonaws.com/images/t_cover_big/co2dux.jpg,1
2025-11-27,Harvest Moon: Home Sweet Home Special Edition,https://gamedb-oz.s3.us-west-1.amazonaws.com/images/t_cover_big/coai0w.jpg,1
2025-11-27,Chicken Run: Eggstraction,https://gamedb-oz.s3.us-west-1.amazonaws.com/images/t_cover_big/co7kf8.jpg,1
2025-11-27,The Uncertain: Last Quiet Day,https://gamedb-oz.s3.us-west-1.amazonaws.com/images/t_cover_big/co445z.jpg,1
2025-11-27,Thief,https://gamedb-oz.s3.us-west-1.amazonaws.com/images/t_cover_big/co22nc.jpg,1
2025-11-27,Ys VIII: Lacrimosa of Dana,https://gamedb-oz.s3.us-west-1.amazonaws.com/images/t_cover_big/co234k.jpg,1
2025-11-27,Space Chef,https://gamedb-oz.s3.us-west-1.amazonaws.com/images/t_cover_big/co46xf.jpg,1
2025-11-27,Inazuma Eleven: Victory Road,https://gamedb-oz.s3.us-west-1.amazonaws.com/images/t_cover_big/co66qh.jpg,1
2025-11-27,The Colorful Biplane,https://gamedb-oz.s3.us-west-1.amazonaws.com/images/t_cover_big/coava2.jpg,1
2025-11-27,"Sniper Elite 5: Kraken Awakes - Mission, Weapon and Skin Pack",https://gamedb-oz.s3.us-west-1.amazonaws.com/images/t_cover_big/co6pp7.jpg,1
2025-11-27,Atelier Ryza 2: Lost Legends & the Secret Fairy DX,https://gamedb-oz.s3.us-west-1.amazonaws.com/images/t_cover_big/coa88c.jpg,1
2025-11-27,Audio Trip,https://gamedb-oz.s3.us-west-1.amazonaws.com/images/t_cover_big/co2phj.jpg,1
2025-11-27,Arizona Sunshine Remake,https://gamedb-oz.s3.us-west-1.amazonaws.com/images/t_cover_big/co8oqh.jpg,1
2025-11-27,Anno 117: Pax Romana,https://gamedb-oz.s3.us-west-1.amazonaws.com/images/t_cover_big/co8bwj.jpg,1
2025-11-27,Since Memories: Off the Starry Sky,https://gamedb-oz.s3.us-west-1.amazonaws.com/images/t_cover_big/co3gl8.jpg,1
2025-11-27,Diablo IV,https://gamedb-oz.s3.us-west-1.amazonaws.com/images/t_cover_big/co69sm.jpg,1
2025-11-27,Dragon Ball: Sparking! Zero,https://gamedb-oz.s3.us-west-1.amazonaws.com/images/t_cover_big/co7h9a.jpg,1
2025-11-27,Contraband Police,https://gamedb-oz.s3.us-west-1.amazonaws.com/images/t_cover_big/co696g.jpg,1
2025-11-27,R-Type Delta: HD Boosted,https://gamedb-oz.s3.us-west-1.amazonaws.com/images/t_cover_big/coaaws.jpg,1
2025-11-27,MotoGP 25,https://gamedb-oz.s3.us-west-1.amazonaws.com/images/t_cover_big/co9hh4.jpg,1
2025-11-27,Monument Valley 2,https://gamedb-oz.s3.us-west-1.amazonaws.com/images/t_cover_big/co6mze.jpg,1
2025-11-27,Twisted Metal 4,https://gamedb-oz.s3.us-west-1.amazonaws.com/images/t_cover_big/co1uai.jpg,1
2025-11-27,Sentiment Laundromat,,1
2025-11-27,Stirring Tea Perfection,,1
2025-11-27,Morsels,https://gamedb-oz.s3.us-west-1.amazonaws.com/images/t_cover_big/co8qml.jpg,1
2025-11-27,Cat From Hell 2,https://gamedb-oz.s3.us-west-1.amazonaws.com/images/t_cover_big/coaj3d.jpg,1
2025-11-27,Final Fantasy II,https://gamedb-oz.s3.us-west-1.amazonaws.com/images/t_cover_big/6a72b465-c702-446e-b87b-0989132436aa.jpg,1
2025-11-27,Inscryption,https://gamedb-oz.s3.us-west-1.amazonaws.com/images/t_cover_big/co401c.jpg,1
2025-11-27,Unwording,https://gamedb-oz.s3.us-west-1.amazonaws.com/images/t_cover_big/co6811.jpg,1
2025-11-27,Forgive Me Father 2,https://gamedb-oz.s3.us-west-1.amazonaws.com/images/t_cover_big/co6d7m.jpg,1
2025-11-27,Monument Valley III,https://gamedb-oz.s3.us-west-1.amazonaws.com/images/t_cover_big/co8v8p.jpg,1
2025-11-27,Blue Wednesday,https://gamedb-oz.s3.us-west-1.amazonaws.com/images/t_cover_big/co63jp.jpg,1
2025-11-27,Chained Up Together,https://gamedb-oz.s3.us-west-1.amazonaws.com/images/t_cover_big/3c5fe605-2a31-4794-acc5-5b041728bfe8.jpg,1
2025-11-27,Cazzarion: Jetpack Fighter,https://gamedb-oz.s3.us-west-1.amazonaws.com/images/t_cover_big/coav9j.jpg,1
2025-11-27,Sektori,https://gamedb-oz.s3.us-west-1.amazonaws.com/images/t_cover_big/co8ygz.jpg,1
2025-11-27,Windswept,https://gamedb-oz.s3.us-west-1.amazonaws.com/images/t_cover_big/co4ou3.jpg,1
2025-11-27,Foxyland 2,https://gamedb-oz.s3.us-west-1.amazonaws.com/images/t_cover_big/co216l.jpg,1
2025-11-27,Ticket to Ride,https://gamedb-oz.s3.us-west-1.amazonaws.com/images/t_cover_big/co76om.jpg,1
2025-11-27,Neon White,https://gamedb-oz.s3.us-west-1.amazonaws.com/images/t_cover_big/co2tgh.jpg,1
2025-11-27,Mafia: Definitive Edition,https://gamedb-oz.s3.us-west-1.amazonaws.com/images/t_cover_big/co26vl.jpg,1
2025-11-27,Infinity Nikki,https://gamedb-oz.s3.us-west-1.amazonaws.com/images/t_cover_big/co5uxv.jpg,1
2025-11-27,Ragnarok Odyssey Ace,https://gamedb-oz.s3.us-west-1.amazonaws.com/images/t_cover_big/co3j3t.jpg,1
2025-11-27,Evil Inside,https://gamedb-oz.s3.us-west-1.amazonaws.com/images/t_cover_big/co2ve6.jpg,1
2025-11-27,Citizen Sleeper,https://gamedb-oz.s3.us-west-1.amazonaws.com/images/t_cover_big/co4zl5.jpg,1
2025-11-27,Roguebook,https://gamedb-oz.s3.us-west-1.amazonaws.com/images/t_cover_big/co4bob.jpg,1
2025-11-27,Ben 10: Power Trip,https://gamedb-oz.s3.us-west-1.amazonaws.com/images/t_cover_big/co2eyt.jpg,1
2025-11-27,War Mongrels,https://gamedb-oz.s3.us-west-1.amazonaws.com/images/t_cover_big/co2t6x.jpg,1
2025-11-27,LEGO Bricktales,https://gamedb-oz.s3.us-west-1.amazonaws.com/images/t_cover_big/co4kxq.jpg,1
2025-11-27,Atlas Fallen,https://gamedb-oz.s3.us-west-1.amazonaws.com/images/t_cover_big/co546f.jpg,1
2025-11-27,Achilles: Legends Untold,https://gamedb-oz.s3.us-west-1.amazonaws.com/images/t_cover_big/co3i89.jpg,1
2025-11-27,Dying: Reborn,https://gamedb-oz.s3.us-west-1.amazonaws.com/images/t_cover_big/co271p.jpg,1
2025-11-27,Sonic Superstars,https://gamedb-oz.s3.us-west-1.amazonaws.com/images/t_cover_big/co6nm2.jpg,1
2025-11-27,King Oddball,https://gamedb-oz.s3.us-west-1.amazonaws.com/images/t_cover_big/co1wm2.jpg,1
2025-11-27,Madden NFL 25,https://gamedb-oz.s3.us-west-1.amazonaws.com/images/t_cover_big/c9a1a2b5-d120-4df3-9d02-f7b08ee99101.jpg,1
2025-11-27,Like a Dragon: Infinite Wealth,https://gamedb-oz.s3.us-west-1.amazonaws.com/images/t_cover_big/co8356.jpg,1
2025-11-27,Apollo Justice: Ace Attorney Trilogy,https://gamedb-oz.s3.us-west-1.amazonaws.com/images/t_cover_big/co74o6.jpg,1
2025-11-27,Resident Evil 2,https://gamedb-oz.s3.us-west-1.amazonaws.com/images/t_cover_big/co1ir3.jpg,1
2025-11-27,Ratchet & Clank: Up Your Arsenal,https://gamedb-oz.s3.us-west-1.amazonaws.com/images/t_cover_big/co1oyn.jpg,1
2025-11-27,Little Nightmares II,https://gamedb-oz.s3.us-west-1.amazonaws.com/images/t_cover_big/co1p7d.jpg,1
2025-11-27,Lake,https://gamedb-oz.s3.us-west-1.amazonaws.com/images/t_cover_big/co3ogi.jpg,1
2025-11-27,Fighting EX Layer,https://gamedb-oz.s3.us-west-1.amazonaws.com/images/t_cover_big/co1pwc.jpg,1
2025-11-27,Hello Neighbor,https://gamedb-oz.s3.us-west-1.amazonaws.com/images/t_cover_big/co8kr5.jpg,1
2025-11-27,Frogger Returns,https://gamedb-oz.s3.us-west-1.amazonaws.com/images/t_cover_big/co2ip2.jpg,1
2025-11-27,Need for Speed: Heat,https://gamedb-oz.s3.us-west-1.amazonaws.com/images/t_cover_big/co209t.jpg,1
2025-11-27,Ratchet & Clank: Rift Apart,https://gamedb-oz.s3.us-west-1.amazonaws.com/images/t_cover_big/co2str.jpg,1
2025-11-27,Streets of Rage 4,https://gamedb-oz.s3.us-west-1.amazonaws.com/images/t_cover_big/co2dru.jpg,1
2025-11-27,Rage 2,https://gamedb-oz.s3.us-west-1.amazonaws.com/images/t_cover_big/co1rbm.jpg,1
2025-11-27,Rock Band 4,https://gamedb-oz.s3.us-west-1.amazonaws.com/images/t_cover_big/co4b7m.jpg,1
2025-11-27,Helldivers 2,https://gamedb-oz.s3.us-west-1.amazonaws.com/images/t_cover_big/co741o.jpg,1
2025-11-27,Call of Duty: Modern Warfare III,https://gamedb-oz.s3.us-west-1.amazonaws.com/images/t_cover_big/co7ctx.jpg,1
2025-11-27,Tony Hawk's Pro Skater 1+2,https://gamedb-oz.s3.us-west-1.amazonaws.com/images/t_cover_big/co25u7.jpg,1
2025-11-27,A Way Out,https://gamedb-oz.s3.us-west-1.amazonaws.com/images/t_cover_big/co1vca.jpg,1
2025-11-27,Starlit Adventures,https://gamedb-oz.s3.us-west-1.amazonaws.com/images/t_cover_big/co2erb.jpg,1
2025-11-27,Killer Klowns from Outer Space: The Game,https://gamedb-oz.s3.us-west-1.amazonaws.com/images/t_cover_big/co546i.jpg,1
2025-11-27,Ghostwire: Tokyo,https://gamedb-oz.s3.us-west-1.amazonaws.com/images/t_cover_big/co55xn.jpg,1
2025-11-27,Street Fighter 6,https://gamedb-oz.s3.us-west-1.amazonaws.com/images/t_cover_big/co5vst.jpg,1
2025-11-27,Dead Rising 4: Special Edition,https://gamedb-oz.s3.us-west-1.amazonaws.com/images/t_cover_big/co3h09.jpg,1
2025-11-27,Tower of Fantasy,https://gamedb-oz.s3.us-west-1.amazonaws.com/images/t_cover_big/co6964.jpg,1
2025-11-27,Uno,https://gamedb-oz.s3.us-west-1.amazonaws.com/images/t_cover_big/co1veg.jpg,1
2025-11-27,The Binding of Isaac: Rebirth,https://gamedb-oz.s3.us-west-1.amazonaws.com/images/t_cover_big/co1lbm.jpg,1
2025-11-27,Hawked,https://gamedb-oz.s3.us-west-1.amazonaws.com/images/t_cover_big/co7ro5.jpg,1
2025-11-27,Bramble: The Mountain King,https://gamedb-oz.s3.us-west-1.amazonaws.com/images/t_cover_big/co396j.jpg,1
2025-11-27,Borderlands 3,https://gamedb-oz.s3.us-west-1.amazonaws.com/images/t_cover_big/co20r3.jpg,1
2025-11-27,Shadow of the Tomb Raider,https://gamedb-oz.s3.us-west-1.amazonaws.com/images/t_cover_big/co1vcn.jpg,1
2025-11-27,Watch Dogs 2,https://gamedb-oz.s3.us-west-1.amazonaws.com/images/t_cover_big/co2p3j.jpg,1
2025-11-27,Mad Max,https://gamedb-oz.s3.us-west-1.amazonaws.com/images/t_cover_big/co1uuh.jpg,1
2025-11-27,Danganronpa Another Episode: Ultra Despair Girls,https://gamedb-oz.s3.us-west-1.amazonaws.com/images/t_cover_big/co1n83.jpg,1
2025-11-27,Like a Dragon Gaiden: The Man Who Erased His Name,https://gamedb-oz.s3.us-west-1.amazonaws.com/images/t_cover_big/co6ln4.jpg,1
2025-11-27,Tinykin,https://gamedb-oz.s3.us-west-1.amazonaws.com/images/t_cover_big/co554t.jpg,1
2025-11-27,Fate/Extella: The Umbral Star,https://gamedb-oz.s3.us-west-1.amazonaws.com/images/t_cover_big/co3q4x.jpg,1
2025-11-27,Joe Danger 2: The Movie,https://gamedb-oz.s3.us-west-1.amazonaws.com/images/t_cover_big/co44bo.jpg,1
2025-11-27,Sekiro: Shadows Die Twice,https://gamedb-oz.s3.us-west-1.amazonaws.com/images/t_cover_big/co2a23.jpg,1
2025-11-27,Devil May Cry 4: Special Edition,https://gamedb-oz.s3.us-west-1.amazonaws.com/images/t_cover_big/co1u6t.jpg,1
2025-11-27,Monster Hunter: World,https://gamedb-oz.s3.us-west-1.amazonaws.com/images/t_cover_big/co1rst.jpg,1
2025-11-27,Valkyria Revolution,https://gamedb-oz.s3.us-west-1.amazonaws.com/images/t_cover_big/co1z4k.jpg,1
2025-11-27,Uncharted: Drake's Fortune Remastered,https://gamedb-oz.s3.us-west-1.amazonaws.com/images/t_cover_big/co1un2.jpg,1
2025-11-27,Final Fantasy VII Remake,https://gamedb-oz.s3.us-west-1.amazonaws.com/images/t_cover_big/co1qxr.jpg,1
2025-11-27,Until Dawn,https://gamedb-oz.s3.us-west-1.amazonaws.com/images/t_cover_big/co2s5q.jpg,1
2025-11-27,BioShock Remastered,https://gamedb-oz.s3.us-west-1.amazonaws.com/images/t_cover_big/co1qq8.jpg,1
2025-11-27,Mass Effect 2,https://gamedb-oz.s3.us-west-1.amazonaws.com/images/t_cover_big/co6dqa.jpg,1
2025-11-27,Call of Duty: Advanced Warfare,https://gamedb-oz.s3.us-west-1.amazonaws.com/images/t_cover_big/co1wky.jpg,1
2025-11-27,XCOM 2,https://gamedb-oz.s3.us-west-1.amazonaws.com/images/t_cover_big/co1mvj.jpg,1
2025-11-27,South Park: The Fractured but Whole - Remote Control Coon Mobile Bundle,https://gamedb-oz.s3.us-west-1.amazonaws.com/images/t_cover_big/iyz9nio9zkyiiqbhvvqk.jpg,1
2025-11-27,Jak II,https://gamedb-oz.s3.us-west-1.amazonaws.com/images/t_cover_big/co2agi.jpg,1
2025-11-27,Tomb Raider: Definitive Edition,https://gamedb-oz.s3.us-west-1.amazonaws.com/images/t_cover_big/co268v.jpg,1
2025-11-27,The Playroom,https://gamedb-oz.s3.us-west-1.amazonaws.com/images/t_cover_big/co2cih.jpg,1
2025-11-27,Earth Defense Force 6,https://gamedb-oz.s3.us-west-1.amazonaws.com/images/t_cover_big/co2hee.jpg,1
2025-11-27,Mixups by POWGI,https://gamedb-oz.s3.us-west-1.amazonaws.com/images/t_cover_big/co2jbi.jpg,1
2025-11-27,For the King II,https://gamedb-oz.s3.us-west-1.amazonaws.com/images/t_cover_big/co7e1r.jpg,1
2025-11-27,Final Fantasy III,https://gamedb-oz.s3.us-west-1.amazonaws.com/images/t_cover_big/25e26628-4777-4164-91ea-a2e321200c49.jpg,1
2025-11-27,Splasher,https://gamedb-oz.s3.us-west-1.amazonaws.com/images/t_cover_big/co1z3z.jpg,1
2025-11-27,Zeus Quest: The Rebirth of Earth,https://gamedb-oz.s3.us-west-1.amazonaws.com/images/t_cover_big/co59d2.jpg,1
2025-11-27,Paw Patrol: Grand Prix,https://gamedb-oz.s3.us-west-1.amazonaws.com/images/t_cover_big/co5dhl.jpg,1
2025-11-27,PictoQuest: The Cursed Grids,https://gamedb-oz.s3.us-west-1.amazonaws.com/images/t_cover_big/co1tfc.jpg,1
2025-11-27,The Jackbox Party Starter,https://gamedb-oz.s3.us-west-1.amazonaws.com/images/t_cover_big/co4xk2.jpg,1
2025-11-27,Dungeons of Sundaria,https://gamedb-oz.s3.us-west-1.amazonaws.com/images/t_cover_big/co4ymw.jpg,1
2025-11-27,So Much Stuff: Collector's Edition,https://gamedb-oz.s3.us-west-1.amazonaws.com/images/t_cover_big/co6kom.jpg,1
2025-11-27,Highway Drifter: Hajwala Simulator,https://gamedb-oz.s3.us-west-1.amazonaws.com/images/t_cover_big/co7pey.jpg,1
2025-11-27,Viva Piñata,https://gamedb-oz.s3.us-west-1.amazonaws.com/images/t_cover_big/co2h1y.jpg,1
2025-11-27,The Outfit,https://gamedb-oz.s3.us-west-1.amazonaws.com/images/t_cover_big/co4eip.jpg,1
2025-11-27,Alan Wake's American Nightmare,https://gamedb-oz.s3.us-west-1.amazonaws.com/images/t_cover_big/co2eh1.jpg,1
2025-11-27,Tekken Tag Tournament 2,https://gamedb-oz.s3.us-west-1.amazonaws.com/images/t_cover_big/co1w4k.jpg,1
2025-11-27,Call of Duty: Modern Warfare 3,https://gamedb-oz.s3.us-west-1.amazonaws.com/images/t_cover_big/co1wkn.jpg,1
2025-11-27,Injustice: Gods Among Us,https://gamedb-oz.s3.us-west-1.amazonaws.com/images/t_cover_big/co3wim.jpg,1
2025-11-27,Crackdown,https://gamedb-oz.s3.us-west-1.amazonaws.com/images/t_cover_big/co1w65.jpg,1
2025-11-27,Tomb Raider: Underworld,https://gamedb-oz.s3.us-west-1.amazonaws.com/images/t_cover_big/co1voc.jpg,1
2025-11-27,Mass Effect 3,https://gamedb-oz.s3.us-west-1.amazonaws.com/images/t_cover_big/co1x7q.jpg,1
2025-11-27,Castlevania: Lords of Shadow,https://gamedb-oz.s3.us-west-1.amazonaws.com/images/t_cover_big/co2slv.jpg,1
2025-11-27,Duke Nukem Forever,https://gamedb-oz.s3.us-west-1.amazonaws.com/images/t_cover_big/co2f1v.jpg,1
2025-11-27,Call of Duty: Black Ops,https://gamedb-oz.s3.us-west-1.amazonaws.com/images/t_cover_big/co1wkl.jpg,1
2025-11-27,Red Faction: Armageddon,https://gamedb-oz.s3.us-west-1.amazonaws.com/images/t_cover_big/co2jjv.jpg,1
2025-11-27,The Darkness,https://gamedb-oz.s3.us-west-1.amazonaws.com/images/t_cover_big/co1sq3.jpg,1
2025-11-27,Dark Void,https://gamedb-oz.s3.us-west-1.amazonaws.com/images/t_cover_big/co2f09.jpg,1
2025-11-27,LEGO Pirates of the Caribbean: The Video Game,https://gamedb-oz.s3.us-west-1.amazonaws.com/images/t_cover_big/co2qk0.jpg,1
2025-11-27,LEGO Batman: The Videogame,https://gamedb-oz.s3.us-west-1.amazonaws.com/images/t_cover_big/co1qrn.jpg,1
2025-11-27,Portal 2,https://gamedb-oz.s3.us-west-1.amazonaws.com/images/t_cover_big/co1rs4.jpg,1
2025-11-27,Left 4 Dead 2,https://gamedb-oz.s3.us-west-1.amazonaws.com/images/t_cover_big/co1y2f.jpg,1
2025-11-27,Eat Lead: The Return of Matt Hazard,https://gamedb-oz.s3.us-west-1.amazonaws.com/images/t_cover_big/yjkntstlwpzzely0iiqj.jpg,1
2025-11-27,Gears of War 2,https://gamedb-oz.s3.us-west-1.amazonaws.com/images/t_cover_big/co28gg.jpg,1
2025-11-27,Call of Duty: Modern Warfare 2,https://gamedb-oz.s3.us-west-1.amazonaws.com/images/t_cover_big/co3cwt.jpg,1
2025-11-27,LEGO Indiana Jones: The Original Adventures,https://gamedb-oz.s3.us-west-1.amazonaws.com/images/t_cover_big/co4w36.jpg,1
2025-11-27,Call of Duty 4: Modern Warfare,https://gamedb-oz.s3.us-west-1.amazonaws.com/images/t_cover_big/co1wko.jpg,1
2025-11-27,Peter Jackson's King Kong: The Official Game of the Movie,https://gamedb-oz.s3.us-west-1.amazonaws.com/images/t_cover_big/co1owf.jpg,1
2025-11-27,Zoo Tycoon: Ultimate Animal Collection,https://gamedb-oz.s3.us-west-1.amazonaws.com/images/t_cover_big/co22qo.jpg,1
2025-11-27,Injustice 2,https://gamedb-oz.s3.us-west-1.amazonaws.com/images/t_cover_big/co1xym.jpg,1
2025-11-27,Crash Bandicoot N. Sane Trilogy,https://gamedb-oz.s3.us-west-1.amazonaws.com/images/t_cover_big/co1v62.jpg,1
2025-11-27,The Evil Within 2,https://gamedb-oz.s3.us-west-1.amazonaws.com/images/t_cover_big/co5wgu.jpg,1
2025-11-27,Human: Fall Flat,https://gamedb-oz.s3.us-west-1.amazonaws.com/images/t_cover_big/co7ewt.jpg,1
2025-11-27,Ultratron,https://gamedb-oz.s3.us-west-1.amazonaws.com/images/t_cover_big/co2rs0.jpg,1
2025-11-27,Black the Fall,https://gamedb-oz.s3.us-west-1.amazonaws.com/images/t_cover_big/co22yw.jpg,1
2025-11-27,Gears 5,https://gamedb-oz.s3.us-west-1.amazonaws.com/images/t_cover_big/co2oz5.jpg,1
2025-11-27,Gems of War,https://gamedb-oz.s3.us-west-1.amazonaws.com/images/t_cover_big/co1snp.jpg,1
2025-11-27,Far Cry: Primal,https://gamedb-oz.s3.us-west-1.amazonaws.com/images/t_cover_big/co28ha.jpg,1
2025-11-27,Danger Zone,https://gamedb-oz.s3.us-west-1.amazonaws.com/images/t_cover_big/co23q3.jpg,1
2025-11-27,Crackdown 3,https://gamedb-oz.s3.us-west-1.amazonaws.com/images/t_cover_big/co2388.jpg,1
2025-11-27,Resident Evil 6,https://gamedb-oz.s3.us-west-1.amazonaws.com/images/t_cover_big/co3pyq.jpg,1
2025-11-27,Peggle 2,https://gamedb-oz.s3.us-west-1.amazonaws.com/images/t_cover_big/co1nc5.jpg,1
2025-11-27,Need for Speed,https://gamedb-oz.s3.us-west-1.amazonaws.com/images/t_cover_big/co20a2.jpg,1
2025-11-27,"Guns, Gore & Cannoli",https://gamedb-oz.s3.us-west-1.amazonaws.com/images/t_cover_big/co1m51.jpg,1
2025-11-27,Metro 2033 Redux,https://gamedb-oz.s3.us-west-1.amazonaws.com/images/t_cover_big/co2e1s.jpg,1
2025-11-27,Trivial Pursuit Live!,https://gamedb-oz.s3.us-west-1.amazonaws.com/images/t_cover_big/co3k1z.jpg,1
2025-11-27,Bullet Beat,https://gamedb-oz.s3.us-west-1.amazonaws.com/images/t_cover_big/co2c8w.jpg,1
2025-11-27,Atomic Heart,https://gamedb-oz.s3.us-west-1.amazonaws.com/images/t_cover_big/co68ag.jpg,1
2025-11-27,Sea of Thieves,https://gamedb-oz.s3.us-west-1.amazonaws.com/images/t_cover_big/co2558.jpg,1
2025-11-27,Island Saver,https://gamedb-oz.s3.us-west-1.amazonaws.com/images/t_cover_big/co24al.jpg,1
2025-11-27,Discovery Tour: Viking Age,https://gamedb-oz.s3.us-west-1.amazonaws.com/images/t_cover_big/co4hk3.jpg,1
2025-11-27,State of Decay 2,https://gamedb-oz.s3.us-west-1.amazonaws.com/images/t_cover_big/co2569.jpg,1
2025-11-27,Dark Nights with Poe and Munro,https://gamedb-oz.s3.us-west-1.amazonaws.com/images/t_cover_big/co2911.jpg,1
2025-11-27,The Jackbox Party Pack 9,https://gamedb-oz.s3.us-west-1.amazonaws.com/images/t_cover_big/co53jk.jpg,1
2025-11-27,Guacamelee! 2,https://gamedb-oz.s3.us-west-1.amazonaws.com/images/t_cover_big/co1jbb.jpg,1
2025-11-27,Marvel's Midnight Suns,https://gamedb-oz.s3.us-west-1.amazonaws.com/images/t_cover_big/co3ofr.jpg,1
2025-11-27,Halo Infinite,https://gamedb-oz.s3.us-west-1.amazonaws.com/images/t_cover_big/co2dto.jpg,1
2025-11-27,Mass Effect Legendary Edition,https://gamedb-oz.s3.us-west-1.amazonaws.com/images/t_cover_big/co2k5h.jpg,1
2025-11-27,Starfield,https://gamedb-oz.s3.us-west-1.amazonaws.com/images/t_cover_big/co39vv.jpg,1
2025-11-27,A Short Hike,https://gamedb-oz.s3.us-west-1.amazonaws.com/images/t_cover_big/co6e83.jpg,1
2025-11-27,Xeno Crisis,https://gamedb-oz.s3.us-west-1.amazonaws.com/images/t_cover_big/co1uh0.jpg,1
2025-11-27,Skate 3,https://gamedb-oz.s3.us-west-1.amazonaws.com/images/t_cover_big/co1o4l.jpg,1
2025-11-27,Asura's Wrath,https://gamedb-oz.s3.us-west-1.amazonaws.com/images/t_cover_big/co4961.jpg,1
2025-11-27,Assassin's Creed III: Liberation,https://gamedb-oz.s3.us-west-1.amazonaws.com/images/t_cover_big/co1xim.jpg,1
2025-11-27,Brain Challenge,https://gamedb-oz.s3.us-west-1.amazonaws.com/images/t_cover_big/co2x46.jpg,1
2025-11-27,Forza Horizon,https://gamedb-oz.s3.us-west-1.amazonaws.com/images/t_cover_big/co228y.jpg,1
2025-11-27,Hexic HD,https://gamedb-oz.s3.us-west-1.amazonaws.com/images/t_cover_big/co2n6p.jpg,1
2025-11-27,LEGO Star Wars: The Complete Saga,https://gamedb-oz.s3.us-west-1.amazonaws.com/images/t_cover_big/co1qrr.jpg,1
2025-11-27,Need for Speed: Most Wanted,https://gamedb-oz.s3.us-west-1.amazonaws.com/images/t_cover_big/co20a5.jpg,1
2025-11-27,Grid: Autosport,https://gamedb-oz.s3.us-west-1.amazonaws.com/images/t_cover_big/co2803.jpg,1
2025-11-27,Fable Anniversary,https://gamedb-oz.s3.us-west-1.amazonaws.com/images/t_cover_big/co22lr.jpg,1
2025-11-27,Midnight Club: Los Angeles,https://gamedb-oz.s3.us-west-1.amazonaws.com/images/t_cover_big/co2lcu.jpg,1
2025-11-27,Dirt 3,https://gamedb-oz.s3.us-west-1.amazonaws.com/images/t_cover_big/co2gdo.jpg,1
2025-11-27,Plants vs. Zombies: Garden Warfare,https://gamedb-oz.s3.us-west-1.amazonaws.com/images/t_cover_big/co2qyz.jpg,1
2025-11-27,Saints Row 2,https://gamedb-oz.s3.us-west-1.amazonaws.com/images/t_cover_big/co1yt7.jpg,1
2025-11-27,Sonic Unleashed,https://gamedb-oz.s3.us-west-1.amazonaws.com/images/t_cover_big/co2v6p.jpg,1
2025-11-27,Conan,https://gamedb-oz.s3.us-west-1.amazonaws.com/images/t_cover_big/co2wbu.jpg,1
2025-11-27,Pinball FX,https://gamedb-oz.s3.us-west-1.amazonaws.com/images/t_cover_big/co2uor.jpg,1
2025-11-27,The Elder Scrolls IV: Oblivion,https://gamedb-oz.s3.us-west-1.amazonaws.com/images/t_cover_big/co8fpz.jpg,1
2025-11-27,F.E.A.R.,https://gamedb-oz.s3.us-west-1.amazonaws.com/images/t_cover_big/co1utk.jpg,1
2025-11-27,Texas Hold 'em,https://gamedb-oz.s3.us-west-1.amazonaws.com/images/t_cover_big/co2xze.jpg,1
2025-11-27,Team Sonic Racing,https://gamedb-oz.s3.us-west-1.amazonaws.com/images/t_cover_big/co1upm.jpg,1
2025-11-27,Assassin's Creed: The Ezio Collection,https://gamedb-oz.s3.us-west-1.amazonaws.com/images/t_cover_big/co1nrv.jpg,1
2025-11-27,Crash Team Racing Nitro-Fueled,https://gamedb-oz.s3.us-west-1.amazonaws.com/images/t_cover_big/co2wvy.jpg,1
2025-11-27,Journey to the Savage Planet,https://gamedb-oz.s3.us-west-1.amazonaws.com/images/t_cover_big/co1pkf.jpg,1
2025-11-27,Grand Theft Auto V: Story Mode,https://gamedb-oz.s3.us-west-1.amazonaws.com/images/t_cover_big/co66n7.jpg,1
2025-11-27,House Flipper,https://gamedb-oz.s3.us-west-1.amazonaws.com/images/t_cover_big/co4xdy.jpg,1
2025-11-27,LEGO The Hobbit,https://gamedb-oz.s3.us-west-1.amazonaws.com/images/t_cover_big/co20po.jpg,1
2025-11-27,SongPop Party,https://gamedb-oz.s3.us-west-1.amazonaws.com/images/t_cover_big/co4krn.jpg,1
2025-11-27,Neon Abyss,https://gamedb-oz.s3.us-west-1.amazonaws.com/images/t_cover_big/co2yg7.jpg,1
2025-11-27,Trials Evolution,https://gamedb-oz.s3.us-west-1.amazonaws.com/images/t_cover_big/co2src.jpg,1
2025-11-27,Fight Night Champion,https://gamedb-oz.s3.us-west-1.amazonaws.com/images/t_cover_big/co2tp6.jpg,1
2025-11-27,Forza Motorsport 7,https://gamedb-oz.s3.us-west-1.amazonaws.com/images/t_cover_big/co24hd.jpg,1
2025-11-27,Maneater,https://gamedb-oz.s3.us-west-1.amazonaws.com/images/t_cover_big/co1lx6.jpg,1
2025-11-27,Bound By Flame,https://gamedb-oz.s3.us-west-1.amazonaws.com/images/t_cover_big/co1ppx.jpg,1
2025-11-27,R.A.W: Realms of Ancient War,https://gamedb-oz.s3.us-west-1.amazonaws.com/images/t_cover_big/co1nzy.jpg,1
2025-11-27,Darksiders II,https://gamedb-oz.s3.us-west-1.amazonaws.com/images/t_cover_big/co1wi5.jpg,1
2025-11-27,Dragon Age II,https://gamedb-oz.s3.us-west-1.amazonaws.com/images/t_cover_big/co2mw1.jpg,1
2025-11-27,Dragon Age: Origins,https://gamedb-oz.s3.us-west-1.amazonaws.com/images/t_cover_big/co2mvs.jpg,1
2025-11-27,Dead Space: Ignition,https://gamedb-oz.s3.us-west-1.amazonaws.com/images/t_cover_big/co2z9m.jpg,1
2025-11-27,Onechanbara Z: Kagura,https://gamedb-oz.s3.us-west-1.amazonaws.com/images/t_cover_big/c50d7117-a170-423b-baca-c2d6960788e6.jpg,1
2025-11-27,Watch Dogs: Legion,https://gamedb-oz.s3.us-west-1.amazonaws.com/images/t_cover_big/co2oyq.jpg,1
2025-11-27,Neverwinter,https://gamedb-oz.s3.us-west-1.amazonaws.com/images/t_cover_big/co2qty.jpg,1
2025-11-27,Ōkami HD,https://gamedb-oz.s3.us-west-1.amazonaws.com/images/t_cover_big/co22s8.jpg,1
2025-11-27,Gekido: Kintaro's Revenge,https://gamedb-oz.s3.us-west-1.amazonaws.com/images/t_cover_big/co1tn6.jpg,1
2025-11-27,Smite,https://gamedb-oz.s3.us-west-1.amazonaws.com/images/t_cover_big/co46v5.jpg,1
2025-11-27,Dark Souls II: Scholar of the First Sin,https://gamedb-oz.s3.us-west-1.amazonaws.com/images/t_cover_big/co20um.jpg,1
2025-11-27,Chained Echoes,https://gamedb-oz.s3.us-west-1.amazonaws.com/images/t_cover_big/co544u.jpg,1
2025-11-27,Killer Frequency,https://gamedb-oz.s3.us-west-1.amazonaws.com/images/t_cover_big/co6kqi.jpg,1
2025-11-27,NieR Replicant ver.1.22474487139...,https://gamedb-oz.s3.us-west-1.amazonaws.com/images/t_cover_big/co5h0n.jpg,1
2025-11-27,The Grinch: Christmas Adventures,https://gamedb-oz.s3.us-west-1.amazonaws.com/images/t_cover_big/612f0a3d-dc58-454b-bfad-cde2942eec56.jpg,1
2025-11-27,Anthology of Fear,https://gamedb-oz.s3.us-west-1.amazonaws.com/images/t_cover_big/co1r4q.jpg,1
2025-11-27,Ni no Kuni II: Revenant Kingdom,https://gamedb-oz.s3.us-west-1.amazonaws.com/images/t_cover_big/co25ub.jpg,1
2025-11-27,Darkwood,https://gamedb-oz.s3.us-west-1.amazonaws.com/images/t_cover_big/co24nh.jpg,1
2025-11-27,DJMax Respect V,https://gamedb-oz.s3.us-west-1.amazonaws.com/images/t_cover_big/co1ul8.jpg,1
2025-11-27,Chorus,https://gamedb-oz.s3.us-west-1.amazonaws.com/images/t_cover_big/co25ie.jpg,1
2025-11-27,Age of Empires IV,https://gamedb-oz.s3.us-west-1.amazonaws.com/images/t_cover_big/co39tg.jpg,1
2025-11-27,0 Day Attack on Earth,https://gamedb-oz.s3.us-west-1.amazonaws.com/images/t_cover_big/juuj4pmqpxyhl51fj7gv.jpg,1
2025-11-27,Sega Bass Fishing,https://gamedb-oz.s3.us-west-1.amazonaws.com/images/t_cover_big/co40xx.jpg,1
2025-11-27,Death by Cube,https://gamedb-oz.s3.us-west-1.amazonaws.com/images/t_cover_big/l71qtim1c9d0c6mmvqp2.jpg,1
2025-11-27,Gyromancer,https://gamedb-oz.s3.us-west-1.amazonaws.com/images/t_cover_big/co23i4.jpg,1
2025-11-27,Dakar Desert Rally,https://gamedb-oz.s3.us-west-1.amazonaws.com/images/t_cover_big/co4s8w.jpg,1
2025-11-27,Grand Theft Auto: Vice City - The Definitive Edition,https://gamedb-oz.s3.us-west-1.amazonaws.com/images/t_cover_big/co42pa.jpg,1
2025-11-27,Temtem,https://gamedb-oz.s3.us-west-1.amazonaws.com/images/t_cover_big/co1on0.jpg,1
2025-11-27,NBA 2K24,https://gamedb-oz.s3.us-west-1.amazonaws.com/images/t_cover_big/co6pzf.jpg,1
2025-11-27,Fishing Sim World: Bass Pro Shops Edition,https://gamedb-oz.s3.us-west-1.amazonaws.com/images/t_cover_big/co3txo.jpg,1
2025-11-27,RoboCop: Rogue City,https://gamedb-oz.s3.us-west-1.amazonaws.com/images/t_cover_big/co4ykm.jpg,1
2025-11-27,Brotato,https://gamedb-oz.s3.us-west-1.amazonaws.com/images/t_cover_big/co4pcj.jpg,1
2025-11-27,Persona 3 Reload: Velvet Costume & BGM Set,https://gamedb-oz.s3.us-west-1.amazonaws.com/images/t_cover_big/a37dc793-bf45-4dc1-9e53-0ed57fc51177.jpg,1
2025-11-27,Skull and Bones,https://gamedb-oz.s3.us-west-1.amazonaws.com/images/t_cover_big/co4yl7.jpg,1
2025-11-27,ShapeNeon Chaos,https://gamedb-oz.s3.us-west-1.amazonaws.com/images/t_cover_big/co4102.jpg,1
2025-11-27,Grand Prix Rock 'N Racing,https://gamedb-oz.s3.us-west-1.amazonaws.com/images/t_cover_big/co6xwi.jpg,1
2025-11-27,House Flipper 2,https://gamedb-oz.s3.us-west-1.amazonaws.com/images/t_cover_big/co633o.jpg,1
2025-11-27,Hidden Cats in New York,https://gamedb-oz.s3.us-west-1.amazonaws.com/images/t_cover_big/co6hj9.jpg,1
2025-11-27,Aimlabs,https://gamedb-oz.s3.us-west-1.amazonaws.com/images/t_cover_big/co6v9n.jpg,1
2025-11-27,Tales of Kenzera: Zau,https://gamedb-oz.s3.us-west-1.amazonaws.com/images/t_cover_big/co7h98.jpg,1
2025-11-27,Morbid: The Lords of Ire,https://gamedb-oz.s3.us-west-1.amazonaws.com/images/t_cover_big/co87gw.jpg,1
2025-11-27,F1 24,https://gamedb-oz.s3.us-west-1.amazonaws.com/images/t_cover_big/co7utn.jpg,1
2025-11-27,Gigantosaurus Dino Sports,https://gamedb-oz.s3.us-west-1.amazonaws.com/images/t_cover_big/co8m2y.jpg,1
2025-11-27,EA Sports College Football 25,https://gamedb-oz.s3.us-west-1.amazonaws.com/images/t_cover_big/co3uxz.jpg,1
2025-11-27,Creatures of Ava,https://gamedb-oz.s3.us-west-1.amazonaws.com/images/t_cover_big/co7uob.jpg,1
2025-11-27,Smite 2,https://gamedb-oz.s3.us-west-1.amazonaws.com/images/t_cover_big/co7m9c.jpg,1
2025-11-27,Harry Potter: Quidditch Champions,https://gamedb-oz.s3.us-west-1.amazonaws.com/images/t_cover_big/co6eer.jpg,1
2025-11-27,SpongeBob SquarePants: The Patrick Star Game,https://gamedb-oz.s3.us-west-1.amazonaws.com/images/t_cover_big/co8qmu.jpg,1
2025-11-27,Frostpunk 2,https://gamedb-oz.s3.us-west-1.amazonaws.com/images/t_cover_big/co6m25.jpg,1
2025-11-27,Nikoderiko: The Magical World,https://gamedb-oz.s3.us-west-1.amazonaws.com/images/t_cover_big/co8bmp.jpg,1
2025-11-27,Hot Wheels Monster Trucks: Stunt Mayhem,https://gamedb-oz.s3.us-west-1.amazonaws.com/images/t_cover_big/co8oej.jpg,1
2025-11-27,Mighty Morphin Power Rangers: Rita’s Rewind,https://gamedb-oz.s3.us-west-1.amazonaws.com/images/t_cover_big/co8bik.jpg,1
2025-11-27,Legacy of Kain: Soul Reaver 1 & 2 Remastered,https://gamedb-oz.s3.us-west-1.amazonaws.com/images/t_cover_big/e64c667a-5987-4d0b-ad12-e88fb4d76a68.jpg,1
2025-11-27,"Warhammer 40,000: Rogue Trader",https://gamedb-oz.s3.us-west-1.amazonaws.com/images/t_cover_big/co8i2p.jpg,1
2025-11-27,Tales of Graces F Remastered,https://gamedb-oz.s3.us-west-1.amazonaws.com/images/t_cover_big/ae3196ac-63ce-4696-aa9c-b8d31637684f.jpg,1
2025-11-27,Star Wars: Episode I - Jedi Power Battles,https://gamedb-oz.s3.us-west-1.amazonaws.com/images/t_cover_big/co8x5j.jpg,1
2025-11-27,Sniper Elite: Resistance,https://gamedb-oz.s3.us-west-1.amazonaws.com/images/t_cover_big/556a652c-c818-4cc0-aa4d-b5d878574edc.jpg,1
2025-11-27,PGA Tour 2K25,https://gamedb-oz.s3.us-west-1.amazonaws.com/images/t_cover_big/co99wv.jpg,1
2025-11-27,Dreamcore,https://gamedb-oz.s3.us-west-1.amazonaws.com/images/t_cover_big/co7qrn.jpg,1
2025-11-27,Five Nights at Freddy's: Into the Pit,https://gamedb-oz.s3.us-west-1.amazonaws.com/images/t_cover_big/co8nfb.jpg,1
2025-11-27,Autopsy Simulator,https://gamedb-oz.s3.us-west-1.amazonaws.com/images/t_cover_big/co4alp.jpg,1
2025-11-27,Big Buck Hunter: Ultimate Trophy - Deluxe Edition,https://gamedb-oz.s3.us-west-1.amazonaws.com/images/t_cover_big/9c8cd65e-73cc-4c68-ba15-cecd3fc03df6.jpg,1
2025-11-27,Monument Valley,https://gamedb-oz.s3.us-west-1.amazonaws.com/images/t_cover_big/co22l6.jpg,1
2025-11-27,Crime Scene Cleaner,https://gamedb-oz.s3.us-west-1.amazonaws.com/images/t_cover_big/co1xr1.jpg,1
2025-11-27,The Elder Scrolls IV: Oblivion Remastered - Deluxe Edition,https://gamedb-oz.s3.us-west-1.amazonaws.com/images/t_cover_big/co9pum.jpg,1
2025-11-27,Fae Farm,https://gamedb-oz.s3.us-west-1.amazonaws.com/images/t_cover_big/co59tx.jpg,1
2025-11-27,Shadows of the Damned: Hella Remastered,https://gamedb-oz.s3.us-west-1.amazonaws.com/images/t_cover_big/74e4d70b-d512-4734-867b-432d959194b8.jpg,1
2025-11-27,F1 25,https://gamedb-oz.s3.us-west-1.amazonaws.com/images/t_cover_big/co9mk6.jpg,1
2025-11-27,Phantom Breaker: Battle Grounds Ultimate,https://gamedb-oz.s3.us-west-1.amazonaws.com/images/t_cover_big/co955n.jpg,1
2025-11-27,Soulstone Survivors,https://gamedb-oz.s3.us-west-1.amazonaws.com/images/t_cover_big/co50cb.jpg,1
2025-11-27,Teenage Mutant Ninja Turtles: Splintered Fate,https://gamedb-oz.s3.us-west-1.amazonaws.com/images/t_cover_big/co6zbi.jpg,1
2025-11-27,Tony Hawk's Pro Skater 3+4,https://gamedb-oz.s3.us-west-1.amazonaws.com/images/t_cover_big/co9hou.jpg,1
2025-11-27,Music Drive: Chase the Beat,https://gamedb-oz.s3.us-west-1.amazonaws.com/images/t_cover_big/coa1ap.jpg,1
2025-11-27,Wheel World,https://gamedb-oz.s3.us-west-1.amazonaws.com/images/t_cover_big/aa857327-0a97-428f-b325-564f67b9baf4.jpg,1
2025-11-27,RoboCop: Rogue City - Unfinished Business,https://gamedb-oz.s3.us-west-1.amazonaws.com/images/t_cover_big/co9i71.jpg,1
2025-11-27,Madden NFL 26,https://gamedb-oz.s3.us-west-1.amazonaws.com/images/t_cover_big/co9rg2.jpg,1
2025-11-27,The Jackbox Survey Scramble,https://gamedb-oz.s3.us-west-1.amazonaws.com/images/t_cover_big/co8vfw.jpg,1
2025-11-27,NHL 26,https://gamedb-oz.s3.us-west-1.amazonaws.com/images/t_cover_big/coa8gi.jpg,1
2025-11-27,Goosebumps: Terror in Little Creek,https://gamedb-oz.s3.us-west-1.amazonaws.com/images/t_cover_big/coa08d.jpg,1
2025-11-27,Next of Kin: Fidelity,https://gamedb-oz.s3.us-west-1.amazonaws.com/images/t_cover_big/coal4w.jpg,1
2025-11-27,Pac-Man World 2 Re-Pac,https://gamedb-oz.s3.us-west-1.amazonaws.com/images/t_cover_big/coa7ie.jpg,1
2025-11-27,Terminull Brigade,https://gamedb-oz.s3.us-west-1.amazonaws.com/images/t_cover_big/co95yj.jpg,1
2025-11-27,Rudolph the Red-Nosed Reindeer,https://gamedb-oz.s3.us-west-1.amazonaws.com/images/t_cover_big/mbaakatsk7tiedi98yju.jpg,1
2025-11-27,Yooka-Replaylee,https://gamedb-oz.s3.us-west-1.amazonaws.com/images/t_cover_big/co8b8z.jpg,1
2025-11-27,NASCAR 25,https://gamedb-oz.s3.us-west-1.amazonaws.com/images/t_cover_big/coac0t.jpg,1
2025-11-27,Bounty Star,https://gamedb-oz.s3.us-west-1.amazonaws.com/images/t_cover_big/co50en.jpg,1
2025-11-27,Tormented Souls II,https://gamedb-oz.s3.us-west-1.amazonaws.com/images/t_cover_big/co6z3c.jpg,1
2025-11-27,Stellaris: Console Edition,https://gamedb-oz.s3.us-west-1.amazonaws.com/images/t_cover_big/co28zl.jpg,1
2025-11-27,Surviving Mars: Relaunched,https://gamedb-oz.s3.us-west-1.amazonaws.com/images/t_cover_big/coab85.jpg,1
2025-11-27,Monster Hunter Stories,https://gamedb-oz.s3.us-west-1.amazonaws.com/images/t_cover_big/401ad98c-56a4-455f-9d61-bd182b5dc06a.jpg,1
2025-11-27,Doodle Taxi,https://gamedb-oz.s3.us-west-1.amazonaws.com/images/t_cover_big/co6u5y.jpg,1
2025-11-27,Deepest Trench,https://gamedb-oz.s3.us-west-1.amazonaws.com/images/t_cover_big/co8xs4.jpg,1
2025-11-27,Clawpunk,https://gamedb-oz.s3.us-west-1.amazonaws.com/images/t_cover_big/co9kru.jpg,1
2025-11-27,Solo Leveling: Arise Overdrive,https://gamedb-oz.s3.us-west-1.amazonaws.com/images/t_cover_big/co9z68.jpg,1
2025-11-27,Let Them Come: Onslaught,https://gamedb-oz.s3.us-west-1.amazonaws.com/images/t_cover_big/co9jkw.jpg,1